profile_idx,age,region,risk_score
0,56,1,0.9467529428594246
1,22,0,0.1792914104181076
2,54,1,0.23054124658990593
3,77,3,0.11507938212344748
4,28,4,0.8581304890839089
5,67,0,0.5414661617187942
6,47,0,0.2579549587609903
7,40,2,0.4536161218532765
8,70,2,0.9275167008723263
9,31,1,0.18789021078453794
10,61,3,0.9466187033519777
11,44,4,0.8802499999234736
12,37,0,0.9366961249291337
13,38,3,0.8715558455252963
14,71,2,0.2193899345083382
15,79,3,0.6616344709917836
16,21,3,0.2013446979017698
17,72,0,0.7636250896376714
18,66,0,0.945600681298606
19,53,0,0.600110285529601
20,18,2,0.3238950521340761
21,57,0,0.7803828012931048
22,58,4,0.7288713818612068
23,73,3,0.7114538702985889
24,63,2,0.5582653418029639
25,63,4,0.2826404105443283
26,73,1,0.9469682047271869
27,79,4,0.4759971273125235
28,25,4,0.7432499753364007
29,53,4,0.08170328926167814
30,78,4,0.500123847667957
31,78,2,0.6867601140293602
32,79,3,0.4365363219561684
33,56,1,0.9186639262189912
34,68,4,0.10246358147517898
35,75,2,0.7634021637802205
36,41,4,0.9622294289531313
37,27,1,0.8917368501350286
38,80,3,0.06820318195833397
39,68,1,0.18869198626736416
40,30,0,0.687409975428238
41,60,1,0.6917732643122774
42,64,0,0.8712098784014853
43,29,3,0.782163449156505
44,35,3,0.4577256148378832
45,64,0,0.9423628161141088
46,68,0,0.5213416066410422
47,45,0,0.10839379589142106
48,56,3,0.8887893672786292
49,63,2,0.7945913891124674
50,30,4,0.5354307979403411
51,35,3,0.29294636258642015
52,49,0,0.18910525765203146
53,38,0,0.07120822984438502
54,60,3,0.903321699088577
55,24,0,0.7209288606268905
56,57,3,0.68122731388982
57,80,2,0.4855180706721348
58,21,3,0.2450526749028341
59,69,3,0.19231207332771993
60,36,0,0.9337309010167131
61,47,0,0.19666771026887508
62,56,0,0.01023416820437395
63,54,0,0.9213472356634989
64,59,3,0.40502859580865214
65,34,0,0.8283546606102843
66,50,2,0.853802446326371
67,65,2,0.07836445250519175
68,79,0,0.7898142137959925
69,53,1,0.15017842276976823
70,63,2,0.26150284230161447
71,50,1,0.7933686029515842
72,32,2,0.9958000349287831
73,34,0,0.29447451531337565
74,28,4,0.43536222114101386
75,32,3,0.4330741140032407
76,70,2,0.8860096953666453
77,37,1,0.5464398631696714
78,30,2,0.043311160267093696
79,35,0,0.23608269793991843
80,54,0,0.683283108843189
81,70,2,0.34200102051206194
82,35,2,0.04097306935799794
83,68,2,0.8412833416386762
84,29,0,0.653146763558859
85,40,3,0.21925692341030767
86,22,1,0.17960468519745354
87,46,2,0.3692949167491859
88,72,0,0.2890153587357267
89,68,1,0.9868695255574875
90,50,3,0.4786424573732301
91,65,2,0.5759889393730798
92,76,4,0.38490540260751427
93,21,0,0.18455818176616978
94,50,0,0.20171938577925064
95,79,3,0.2573110226336647
96,49,4,0.9515736873967312
97,48,0,0.8060035639433372
98,37,3,0.9929277527098106
99,59,0,0.7653195539357649
100,50,1,0.19895953705403913
101,65,1,0.9382078186501964
102,50,2,0.4350714985074029
103,33,4,0.8573612310055929
104,53,4,0.022551035932083074
105,23,4,0.6863031714046404
106,32,4,0.8030165198986016
107,41,4,0.8859625008308449
108,38,3,0.12733141666478853
109,66,3,0.035757892463513574
110,76,1,0.28335274536401445
111,21,1,0.8060756172255825
112,55,4,0.901089480827621
113,44,3,0.7720815608634617
114,50,0,0.34659191656111377
115,20,3,0.4547705794855774
116,74,2,0.7849032829850605
117,54,1,0.8663154656831108
118,74,3,0.07683827045078095
119,67,2,0.9164271782548868
120,28,1,0.012636242948931176
121,75,0,0.5430056255823543
122,46,0,0.05401652476301111
123,75,0,0.8248579255023932
124,76,4,0.13519054738410685
125,77,2,0.6805961306547118
126,30,0,0.8800505039197213
127,64,3,0.6810523263227904
128,62,2,0.7901370081780411
129,32,4,0.2857160981315108
130,37,1,0.9833963504943817
131,55,2,0.4126359129010879
132,60,4,0.7212528913274151
133,28,3,0.8043412420969417
134,61,4,0.6827250488272893
135,42,4,0.7908372766931748
136,80,4,0.8310312551985903
137,38,0,0.9898176604332847
138,22,3,0.08469875123028114
139,63,3,0.7087877466599452
140,58,2,0.302766432392505
141,60,2,0.1628380338028338
142,31,1,0.6234842649941191
143,52,3,0.5434095742690505
144,27,4,0.8928455534956832
145,63,4,0.5926502513297427
146,31,1,0.045903256713651586
147,39,2,0.516698735256073
148,69,0,0.14242931752379362
149,48,4,0.7514372429754183
150,57,4,0.3241320531590033
151,66,2,0.5841218256267757
152,49,2,0.031437764962085724
153,57,2,0.6662197086745576
154,80,1,0.9239937887806866
155,23,4,0.02889722413361573
156,48,2,0.6037452820685981
157,47,2,0.9782896390126508
158,26,1,0.8978628676092256
159,18,1,0.8866984378652569
160,22,0,0.8515436170935967
161,58,4,0.5638139797259476
162,36,1,0.3902183661206903
163,44,0,0.2793641734005319
164,63,2,0.5218610025818917
165,30,2,0.8726179584924375
166,62,1,0.7832590316553543
167,71,4,0.3548985678600576
168,78,0,0.8201132849019944
169,53,3,0.4846401194048606
170,62,4,0.2600292795080167
171,61,3,0.6481506512828458
172,31,1,0.7787642675177984
173,24,0,0.30828328200361776
174,75,2,0.9647188405392243
175,59,3,0.05614325917813201
176,74,3,0.13756630711907192
177,77,1,0.963892748459978
178,66,1,0.10343748511458628
179,21,4,0.21329249521067106
180,53,2,0.2613697166371044
181,76,4,0.7517329232787023
182,57,3,0.10200897856741986
183,46,1,0.8557270329087867
184,45,1,0.10765279926690996
185,74,4,0.2694576616577744
186,65,2,0.1905976727119697
187,60,0,0.492469123941199
188,45,3,0.7694235831623807
189,39,4,0.5198085527088631
190,38,3,0.31208969869459646
191,18,4,0.3442748453031934
192,55,0,0.21053999142729518
193,32,0,0.6396046656067969
194,68,0,0.4556872761946499
195,19,1,0.7950216508326582
196,35,1,0.23746284596249911
197,77,1,0.19043718645394003
198,20,3,0.5227513028680288
199,24,3,0.11647983612808288
200,56,4,0.5427581232271584
201,70,4,0.9884356010177052
202,54,0,0.6018214002746749
203,24,1,0.6940817975591761
204,20,0,0.5671257290703039
205,46,3,0.5696507524257269
206,26,1,0.7449351007973666
207,51,4,0.2761967285032748
208,20,0,0.39460285234945824
209,63,2,0.392547605032772
210,38,4,0.24078321446356166
211,24,0,0.014716523893161693
212,26,2,0.26910587111979534
213,75,2,0.692650690720247
214,24,1,0.12919569759858096
215,37,4,0.1852368303142109
216,70,1,0.022228175340581746
217,57,3,0.23827780941883026
218,43,3,0.42927535096625913
219,64,4,0.3350407783231687
220,53,3,0.07116182009270955
221,37,1,0.3219623581175094
222,35,2,0.21704495678652458
223,39,1,0.9725641821325448
224,20,0,0.4955954531061265
225,70,4,0.46251519145308284
226,23,2,0.5217904107587644
227,67,0,0.20007968520226327
228,21,3,0.5983594301288225
229,45,1,0.4810613853717224
230,30,4,0.2044302287023454
231,30,3,0.9379699910829502
232,80,2,0.16141018983109456
233,77,2,0.7843153945420377
234,36,3,0.8424345954412397
235,71,2,0.006671919537795112
236,52,0,0.7980072975117829
237,76,2,0.9095269029493309
238,18,4,0.6423854073107313
239,39,2,0.7754543114721697
240,19,0,0.36937749605522374
241,65,3,0.5227326426788629
242,26,0,0.3245120824046628
243,46,0,0.8352716241017735
244,37,0,0.6481220728404417
245,37,0,0.12717438731846142
246,25,0,0.3603372120906213
247,39,4,0.9093023225998575
248,45,2,0.864007878538818
249,39,3,0.9580112636768815
250,44,1,0.2556556875052626
251,50,1,0.8192037002690533
252,55,4,0.7750246783899356
253,67,4,0.007016472553251107
254,74,0,0.15237597559487903
255,57,1,0.3677880075358724
256,48,2,0.15740790210156785
257,79,2,0.6575667091627201
258,24,4,0.1513679733845137
259,71,4,0.25833858351172256
260,25,2,0.9011056063681354
261,41,0,0.42257896686179697
262,37,1,0.08849289457233411
263,78,0,0.20738510831244028
264,75,2,0.04627233782997875
265,39,0,0.9433657672396324
266,64,2,0.2750543274718221
267,72,4,0.7147789758100555
268,46,1,0.8454628910609622
269,20,0,0.3174093814372606
270,75,4,0.5270141494199999
271,76,0,0.08772607888276973
272,80,4,0.38063696360337373
273,60,4,0.25432109931064806
274,79,2,0.23671345856600567
275,59,4,0.7938903488310419
276,77,4,0.49143428111258947
277,48,3,0.09229799756546819
278,75,3,0.7431678609516493
279,50,3,0.27774395048112843
280,77,0,0.6163180782271569
281,68,3,0.537283037514205
282,64,0,0.40485368136884825
283,57,1,0.8779992557200902
284,70,3,0.6109237140210771
285,51,3,0.9833950526485669
286,51,4,0.013496308600702944
287,35,0,0.9951944662403134
288,46,1,0.7346318403314597
289,20,1,0.7962947039364824
290,48,3,0.29593502338773825
291,41,3,0.02401410956717731
292,76,0,0.5124292841875392
293,64,4,0.9953346741579573
294,31,0,0.3279758204235903
295,72,0,0.8856842424090375
296,45,1,0.31656665120802474
297,25,2,0.3849447753274098
298,54,2,0.0815769058183099
299,32,0,0.26700158075005853
300,50,0,0.9673127032711012
301,39,0,0.8909698831742895
302,31,1,0.9927881846897464
303,58,0,0.576338885326069
304,34,3,0.026647512803192885
305,44,2,0.497788158746601
306,53,4,0.36750887429146684
307,21,2,0.025504155248758376
308,35,3,0.9661029916702479
309,29,3,0.7984332733033103
310,71,3,0.2308769563070162
311,33,4,0.08268157965096423
312,27,2,0.8212362064469704
313,67,3,0.24329150773418706
314,30,1,0.5406627023488398
315,60,1,0.14478971003992225
316,68,1,0.7421575569215763
317,18,2,0.5102351530980314
318,49,0,0.024563079852335523
319,75,4,0.845137473071174
320,74,2,0.6530539961651334
321,72,3,0.448272767814044
322,54,0,0.022857492236674326
323,71,3,0.8199041728212735
324,74,0,0.8124543655709455
325,70,0,0.8802329510773045
326,65,2,0.49612371898966867
327,80,4,0.7401815273824183
328,71,2,0.8490418063217935
329,76,2,0.28366337064408176
330,43,4,0.8204522536888598
331,49,3,0.27406523418607254
332,67,4,0.8108011500010147
333,36,0,0.6517842296907717
334,66,2,0.043991681825228834
335,56,3,0.08411609189373837
336,22,3,0.6387455809501603
337,46,4,0.2898130727761782
338,77,2,0.729940984834645
339,33,0,0.19628208809671122
340,25,3,0.8594065984637643
341,30,2,0.9561472820178372
342,22,4,0.39406927376504697
343,38,1,0.6549931452873524
344,79,3,0.9130893756536366
345,25,1,0.9217680629933704
346,75,2,0.298528483951534
347,36,1,0.2146430473488723
348,73,1,0.7658397865589955
349,69,1,0.8890306971957243
350,63,3,0.4029853496366945
351,67,2,0.582503221697107
352,24,3,0.30709581980220935
353,76,0,0.5676497698550332
354,79,1,0.7762295410468332
355,40,4,0.3451892946788647
356,68,1,0.9865734097711424
357,49,3,0.7832022359287366
358,40,1,0.9244762630872586
359,67,2,0.4695460584140969
360,67,1,0.697834028139358
361,74,3,0.4133073635312414
362,67,3,0.6941855350526969
363,53,1,0.6833056987069803
364,72,0,0.5015043731747841
365,20,2,0.7450163759706371
366,56,3,0.5771183048462943
367,48,0,0.12973733858881586
368,52,3,0.8694584324398714
369,55,0,0.7984270278877943
370,53,2,0.6750944114173334
371,71,0,0.40377484089711047
372,44,4,0.1433320590939996
373,33,1,0.3934015515425574
374,35,2,0.04455102703937874
375,32,0,0.5960806825433863
376,50,0,0.24057811980546362
377,20,1,0.2454652783491571
378,40,4,0.20961881798773263
379,50,3,0.18986663610231158
380,58,4,0.7411502324492025
381,79,1,0.572671394062108
382,20,2,0.006616044682562494
383,74,4,0.25411501394761227
384,76,3,0.0925912252095461
385,18,2,0.3728127849417132
386,38,3,0.27576627067098536
387,77,0,0.2633900676798616
388,41,0,0.9897255673859454
389,37,1,0.8907200578145392
390,73,2,0.93299624479726
391,31,2,0.17951224343191907
392,62,1,0.41352968978343607
393,25,0,0.6515500436451626
394,38,0,0.47312506596546455
395,66,2,0.9597654637490162
396,44,2,0.8848073380811533
397,56,2,0.6178331337747838
398,48,4,0.5408195729640357
399,65,4,0.8873266003063489
400,44,1,0.737128215266316
401,27,0,0.23685374219758337
402,39,4,0.2880140849769871
403,70,4,0.16698545969277334
404,61,2,0.1860992994365116
405,74,3,0.6718862034326465
406,75,1,0.16697555425689592
407,62,4,0.6709045477434573
408,34,3,0.708124352671892
409,52,0,0.10301606296934862
410,32,4,0.34638369566630456
411,68,3,0.8945817059893454
412,74,4,0.9881587069967356
413,78,4,0.28841536020416536
414,28,3,0.7255558672222864
415,45,2,0.8291280794850644
416,29,2,0.16759684351183246
417,66,2,0.12903587213577217
418,47,4,0.09553574872820025
419,44,1,0.3786453440251252
420,73,0,0.40490669442597316
421,76,2,0.02184045993203676
422,22,0,0.5012578028673078
423,23,1,0.8450147395051332
424,44,0,0.9257758617722227
425,31,0,0.04833465144772631
426,25,2,0.9161620562123223
427,70,3,0.1904212090434806
428,75,2,0.5090603673430154
429,38,0,0.5481891584501367
430,36,4,0.7771152144240208
431,38,1,0.29190292932238593
432,66,2,0.5530247285357077
433,52,0,0.16007786815799208
434,50,0,0.6424901467856664
435,76,3,0.892029618019626
436,25,1,0.36147842474004177
437,21,4,0.32016684667825646
438,58,3,0.1844670614837961
439,70,3,0.12193295310787755
440,56,4,0.33698407267538966
441,68,3,0.7320608094882359
442,41,1,0.2732294573602483
443,41,0,0.4235292906048369
444,30,2,0.5726097455414121
445,22,0,0.2615935154393131
446,80,1,0.651548778178982
447,48,1,0.7374248307451933
448,40,2,0.7492981457138295
449,54,3,0.24481217942016276
450,18,3,0.402188079407676
451,42,4,0.5287219526974661
452,48,4,0.5352737247321735
453,54,0,0.48240906163613484
454,51,0,0.7798115704158814
455,48,4,0.08138141850944469
456,67,3,0.4576190261140367
457,45,3,0.6513080097363944
458,53,1,0.8243003801775654
459,49,0,0.9911664349737087
460,49,2,0.9397929443494325
461,29,0,0.8677894329338265
462,25,1,0.8643549357106886
463,72,3,0.8985245171619316
464,41,3,0.10879476718646419
465,66,0,0.6747837858301978
466,28,3,0.855488146756573
467,48,3,0.9726379137927971
468,32,1,0.3410906742494134
469,74,0,0.8497589732959313
470,44,1,0.7193573564623248
471,38,3,0.7398823059337191
472,20,2,0.08915685147552688
473,26,4,0.961325723127944
474,44,0,0.9848581191301383
475,75,3,0.8184422207902099
476,79,4,0.8077915427850542
477,62,2,0.6824374749676055
478,56,0,0.3842170245475629
479,32,2,0.008843546062146435
480,43,4,0.7875075901662411
481,41,2,0.27820289277094723
482,55,0,0.9721195802051452
483,41,0,0.048295388761269264
484,47,1,0.9543332069962478
485,62,0,0.06807328948351477
486,28,1,0.437565365075709
487,56,3,0.25450964535722786
488,46,1,0.8197922314786747
489,62,1,0.23200133790100363
490,27,4,0.728686414115908
491,53,4,0.828798022693868
492,79,3,0.07193220157032554
493,70,0,0.24432516678342664
494,52,3,0.338839329961234
495,41,0,0.9837277239137574
496,30,1,0.046215594278450456
497,59,3,0.7216876474128556
498,37,1,0.11506842181799715
499,47,3,0.06093485872993898
500,43,3,0.5149506658450166
501,51,4,0.3476925364128215
502,51,4,0.6071437306104468
503,38,1,0.6758196133464343
504,63,1,0.37572877069510036
505,26,1,0.5656161122346156
506,64,2,0.37416006168840077
507,27,0,0.909907706218949
508,48,1,0.9806128424524193
509,36,1,0.007505975658738895
510,35,4,0.668322583597729
511,63,3,0.4081791356612686
512,69,0,0.7869072693554665
513,59,4,0.43985871573777424
514,75,0,0.3194617847660669
515,72,4,0.011072253397525933
516,27,1,0.16074454586492015
517,19,3,0.8072749136744698
518,21,2,0.7274380032974594
519,44,4,0.29410716304720397
520,75,2,0.8567481147849187
521,53,0,0.776867225714515
522,53,1,0.23834992023552992
523,79,0,0.4712000133804771
524,50,3,0.2950627703933796
525,39,2,0.12756264792904204
526,64,3,0.4617886370095301
527,60,0,0.5346324648152039
528,65,3,0.3620147871309414
529,45,2,0.5538228161180867
530,33,2,0.10083726178941566
531,33,0,0.36634380255885346
532,20,3,0.8237276339357789
533,49,2,0.49992968519716596
534,34,3,0.31796846648755483
535,65,4,0.48705527075006827
536,41,1,0.9166923652470551
537,69,1,0.6032650247674267
538,18,1,0.9438800334616176
539,71,3,0.047096707938672266
540,68,3,0.19968012570979898
541,55,2,0.6599366707264265
542,55,3,0.7866086977294339
543,62,2,0.7052194991361433
544,31,0,0.5751348236592123
545,36,3,0.906748921820021
546,51,2,0.08631643094664976
547,31,2,0.41320155588661434
548,78,2,0.05510248105050097
549,62,0,0.573711504788765
550,21,3,0.6159415677972713
551,41,1,0.6288835378611252
552,20,4,0.8427149220514111
553,76,4,0.49406626285024036
554,56,4,0.35509715983595014
555,45,4,0.13304425301685452
556,44,0,0.1760566134068312
557,43,3,0.8748346846587716
558,54,0,0.5376945033069126
559,21,0,0.39732389715202987
560,18,3,0.787495449273587
561,19,3,0.5477825891377771
562,30,0,0.6873627094113283
563,64,3,0.382006822285231
564,56,4,0.7358635467718769
565,71,2,0.04968943999180764
566,54,0,0.5130618145695949
567,53,2,0.6200046754817765
568,22,3,0.8264840690356147
569,18,3,0.22976855255670692
570,73,1,0.40059015714948054
571,47,1,0.9355706161128262
572,37,0,0.19932685637347525
573,75,2,0.26334649266247734
574,55,1,0.5337976571762602
575,44,4,0.8456181513899372
576,80,2,0.883617846087873
577,74,1,0.167079857813613
578,66,2,0.7922252323120187
579,54,0,0.5541226170909958
580,50,0,0.6846870815799024
581,35,4,0.8036337019981187
582,18,3,0.628257759649544
583,64,4,0.7165123401315875
584,45,2,0.35440821241522114
585,27,1,0.7805163653873999
586,23,0,0.4663277045622719
587,45,1,0.48942714291346345
588,74,2,0.2790535933770327
589,49,0,0.9296802980902076
590,39,0,0.33228658114843235
591,32,0,0.20605681312257873
592,67,2,0.2732604021956294
593,37,0,0.8072458288562452
594,75,2,0.657289094602345
595,53,2,0.355231498823146
596,38,4,0.04295227949683056
597,55,2,0.04700725709734599
598,62,3,0.5879463918468945
599,32,3,0.9275054037743495
600,24,4,0.8994750770923304
601,53,3,0.8916431985596842
602,27,4,0.7330395691420108
603,40,1,0.5621353584505646
604,41,2,0.7269917964689007
605,27,3,0.28245657290176585
606,64,1,0.5459556178929597
607,38,0,0.7073377205691438
608,48,0,0.24402101395005693
609,30,2,0.6968407968457578
610,74,1,0.5511880522385413
611,76,1,0.10952205587097885
612,72,2,0.3760724035564639
613,44,3,0.05770713791375748
614,43,0,0.13761104897398424
615,59,2,0.5641255661244394
616,35,4,0.297068068509843
617,63,3,0.7873602311450418
618,48,3,0.28188434309173604
619,76,4,0.77676719863915
620,53,3,0.47408527366104025
621,20,3,0.5293665550134521
622,49,4,0.9982170754002778
623,68,1,0.8832503826948794
624,62,0,0.08461248895402185
625,59,3,0.22304478212356726
626,76,0,0.23621448350959295
627,36,4,0.14459458017552995
628,56,2,0.9895687658421035
629,80,0,0.9009973246043169
630,54,0,0.6882978979930824
631,70,0,0.0112500142091857
632,22,1,0.2115159087134324
633,39,1,0.4976726010442829
634,73,0,0.6210809957857316
635,33,4,0.7517148609417923
636,60,3,0.5836685643011233
637,20,0,0.35161727986620495
638,70,3,0.32839501252946357
639,77,1,0.3560291927650875
640,40,3,0.604094242941214
641,47,0,0.7754244776412482
642,70,2,0.19709467185565543
643,29,2,0.8310463313813202
644,47,2,0.40439243367799593
645,27,0,0.4578647062461
646,80,4,0.10151637870487629
647,35,4,0.29225322542987253
648,35,3,0.8529807885891927
649,33,4,0.6700055468582604
650,36,2,0.4210766959061517
651,69,3,0.6213707623347495
652,71,3,0.2694804257751492
653,64,0,0.05035128904626429
654,53,0,0.3484432233265593
655,56,2,0.7511298810331358
656,50,1,0.8988202457666706
657,37,1,0.8773004492482314
658,23,3,0.21024135303868674
659,28,1,0.3101500935444368
660,43,1,0.9366944584168877
661,48,0,0.46556357827627026
662,72,1,0.6654432710743116
663,23,3,0.6515075982004254
664,61,2,0.14286347222274998
665,32,2,0.14139200651009232
666,57,2,0.6241568327592792
667,56,2,0.41890347887373014
668,26,3,0.11641875845662608
669,76,1,0.9790184310839456
670,80,0,0.02390196727701288
671,67,3,0.6372974441644906
672,37,1,0.5670235906880247
673,41,4,0.8551797720282028
674,29,1,0.7115628130132293
675,26,2,0.36610160059625707
676,42,3,0.17174699623938183
677,71,1,0.33579892146160706
678,39,4,0.3065679598339578
679,33,0,0.7733800149709911
680,26,0,0.2403441019490028
681,68,4,0.5686383666851339
682,77,0,0.6377812330484975
683,23,2,0.3858700788797126
684,22,1,0.792001248552853
685,56,1,0.98869859463001
686,29,3,0.10779603624592948
687,60,4,0.7410573396351455
688,73,1,0.4007825018885499
689,80,4,0.5734363149336593
690,20,1,0.8951643760457417
691,32,3,0.5216360538322109
692,58,3,0.1568113917523425
693,47,0,0.5322403917045466
694,75,4,0.2828645647958684
695,65,0,0.2693706752506263
696,40,0,0.29368423733672433
697,53,4,0.9269433100167704
698,39,2,0.2235192155436968
699,66,2,0.9334622390326746
700,50,4,0.7473574335545737
701,68,1,0.6732672777164233
702,74,1,0.44581895168577834
703,43,2,0.9005998902845812
704,78,1,0.604671525613522
705,64,3,0.2022510852542121
706,62,2,0.1514119127610305
707,25,3,0.012379323907634632
708,33,3,0.9498932350891176
709,32,0,0.06057202857038113
710,27,3,0.34862850744010465
711,71,1,0.34515638947035165
712,56,3,0.559043695821688
713,35,4,0.6042707412380659
714,61,2,0.23993373476929925
715,76,2,0.1749745461434712
716,48,2,0.21404956684754117
717,65,4,0.2322763292317639
718,65,0,0.9619638998664793
719,34,1,0.5290649275085818
720,40,1,0.9492327003390199
721,18,3,0.022385471519679068
722,72,0,0.507869129763273
723,57,3,0.5401077721707663
724,21,3,0.38529900800175154
725,20,2,0.255082965457912
726,24,2,0.43251896366988474
727,21,0,0.5809605593441022
728,70,3,0.09904534951541732
729,29,0,0.031967294280416336
730,57,3,0.8011373988396384
731,32,0,0.9507268708785227
732,58,4,0.3278786832905477
733,36,3,0.4051561680035509
734,56,0,0.3458581373442523
735,76,1,0.27576815567901003
736,79,2,0.45278708563967063
737,73,2,0.5582883609797709
738,50,2,0.06517615944661759
739,49,4,0.5522064800524862
740,30,0,0.10023791676184435
741,36,4,0.7573846632175388
742,71,2,0.8203398225339661
743,74,0,0.9967694197186971
744,20,1,0.6956248302627753
745,34,2,0.7791316010080301
746,54,1,0.2599707118029505
747,63,0,0.47657310203018977
748,43,2,0.36161713995032174
749,79,3,0.9439623500903692
750,55,0,0.11637697743202657
751,64,3,0.9541154178781581
752,28,3,0.1507999828549471
753,75,0,0.5026195242427172
754,71,0,0.3192916989743658
755,57,1,0.7438483411445268
756,61,2,0.6502938947720118
757,32,1,0.4105267621695715
758,65,0,0.8280649866133497
759,21,1,0.2655725409813152
760,41,4,0.5651184227114096
761,21,4,0.18076156334129412
762,59,3,0.057661160347311724
763,37,4,0.16990836748690474
764,70,2,0.7178230912854308
765,59,2,0.8147378454084357
766,27,3,0.59820022292171
767,34,4,0.5418792262656561
768,42,4,0.9813579473607853
769,25,3,0.3919911352937451
770,60,4,0.7277345917952153
771,70,4,0.6327818093614633
772,79,4,0.5586353348248418
773,54,4,0.47125515692201636
774,73,1,0.801396263387277
775,26,0,0.2495197906890867
776,73,4,0.9310060811361052
777,49,2,0.707992629607638
778,57,2,0.37258977945603666
779,55,4,0.15965629295051342
780,67,2,0.7887989564698511
781,70,1,0.8926592664764383
782,57,1,0.3921010976706254
783,23,0,0.32816247673263754
784,71,4,0.4909235820727923
785,44,2,0.5888080452402241
786,22,2,0.6048573008297041
787,58,3,0.20171610772069204
788,32,2,0.231075574801193
789,63,0,0.6888243841831625
790,46,4,0.8369955895949798
791,35,2,0.21558254193717397
792,49,4,0.5589123843277807
793,59,4,0.3338662730507447
794,45,3,0.7831393866258407
795,31,3,0.34084763919157623
796,50,4,0.7243554073002973
797,43,1,0.19533198157746257
798,46,3,0.2098945047025249
799,42,1,0.5163920683718971
800,69,1,0.1789845699963576
801,24,1,0.31414803307349215
802,67,1,0.7760095963101572
803,64,0,0.4478498319730012
804,78,3,0.5469984872123018
805,35,0,0.0302034502610965
806,78,3,0.6752141364166871
807,34,3,0.33406260063443505
808,52,1,0.40954911932644356
809,61,1,0.7440705346721764
810,59,1,0.4274278907919079
811,24,3,0.546677695755909
812,57,1,0.11281524610200444
813,75,3,0.984636175534796
814,80,3,0.9800678233988198
815,65,3,0.7646804338056131
816,27,4,0.9162891178723117
817,69,3,0.8767475381505933
818,49,2,0.06751157190445001
819,44,0,0.48905891692882586
820,55,0,0.01282498479203531
821,34,2,0.2382459608381221
822,46,0,0.8504329655722885
823,59,2,0.9653293354060556
824,64,4,0.4626813708243316
825,25,1,0.3438187315561543
826,30,4,0.7618804062068508
827,18,2,0.7642204823188051
828,64,3,0.4930223909817433
829,25,0,0.9211376287874719
830,59,2,0.71992486304639
831,57,0,0.49856321537191983
832,69,1,0.16975233097867026
833,50,4,0.1351161962415286
834,34,4,0.37826302734646733
835,25,4,0.6892427793051131
836,22,0,0.2730975834964777
837,50,1,0.8258921037695003
838,55,1,0.89893625120744
839,58,1,0.7524025782935868
840,31,0,0.6692602671748461
841,22,2,0.9721297155878066
842,80,0,0.30650676819592493
843,49,3,0.0365532322487242
844,24,0,0.8729903984945174
845,19,3,0.5176748022090266
846,47,3,0.3241860995845889
847,26,1,0.05842299326471512
848,35,4,0.40077571530221767
849,77,3,0.7310512064654596
850,79,3,0.2994298076677073
851,36,3,0.3758602050592662
852,37,2,0.6887544208462841
853,19,4,0.38410874473724665
854,39,1,0.7278617336237051
855,65,0,0.4519329915318264
856,69,4,0.5564865200810243
857,42,0,0.3436746043513915
858,77,1,0.7107101628545135
859,75,4,0.3101384791038273
860,59,4,0.42447647246911746
861,41,0,0.7261696196991926
862,20,1,0.8748547126978099
863,61,3,0.6759115459315524
864,46,3,0.45311119565817215
865,27,4,0.7695561630969122
866,38,2,0.30061854408324595
867,30,1,0.6598880403351185
868,57,4,0.348170425227294
869,58,1,0.2078998301596725
870,65,0,0.2922862026428935
871,40,3,0.4303545367512822
872,24,2,0.7943699339911112
873,40,2,0.7777005251264761
874,80,4,0.7035310179952162
875,59,2,0.04737036830755492
876,40,0,0.7829412888848
877,56,0,0.5696579054103397
878,68,0,0.8442499015660044
879,53,3,0.27375688156997646
880,77,3,0.5469564837572765
881,20,1,0.5417791977416085
882,27,4,0.18562753717787517
883,80,4,0.03531455786337223
884,52,0,0.13564429862372973
885,25,2,0.9580849842960666
886,51,0,0.23423978257751865
887,21,2,0.22228385444630427
888,69,2,0.2704961502690948
889,73,0,0.2885533724206254
890,60,0,0.8183943689114022
891,42,1,0.267784655653065
892,79,0,0.5135122958999321
893,29,0,0.582938284108289
894,18,3,0.6961273467167945
895,20,4,0.5499658523997053
896,27,1,0.847862090906961
897,62,2,0.9943524618856701
898,22,4,0.3245987513655998
899,41,4,0.8374382120457085
900,37,3,0.9480938928580468
901,60,4,0.6834520517859066
902,57,3,0.38579521361739666
903,45,4,0.7070510381735639
904,51,1,0.4123486645516933
905,69,3,0.3805349642766368
906,30,3,0.23279653206587758
907,31,0,0.07845732414214379
908,19,2,0.37285754666132465
909,42,3,0.15132244294580077
910,70,4,0.3656320777269526
911,38,4,0.9339985935370894
912,28,3,0.8774376160307809
913,39,3,0.7632631906693305
914,54,4,0.019767164598974762
915,36,3,0.6422963807079103
916,58,3,0.14906094072342235
917,46,0,0.29921897336615166
918,18,2,0.3688867023099086
919,80,1,0.26139314513056133
920,38,2,0.2179753758566837
921,41,4,0.8556275338354606
922,50,4,0.46075060899506237
923,66,1,0.6445798984070569
924,44,4,0.45329750597640384
925,42,3,0.18686375128716126
926,78,0,0.45205883672227276
927,54,3,0.731088431870045
928,58,1,0.19541867861212103
929,68,4,0.719463203759082
930,53,2,0.6762185673762768
931,73,2,0.9430724178356751
932,68,3,0.7494945600878798
933,77,4,0.8627648728077262
934,27,3,0.5636449728758309
935,25,3,0.25202635868931156
936,54,2,0.694945060777832
937,73,1,0.42322698078851206
938,31,3,0.648734029783594
939,67,3,0.11239921853028512
940,63,2,0.06809795960828391
941,42,0,0.720776981793507
942,73,3,0.39494297207210693
943,41,2,0.761216359731327
944,47,0,0.5181449520597389
945,28,2,0.21849953066122052
946,80,3,0.8139940570417933
947,60,2,0.7514144202904504
948,51,4,0.8982895653157237
949,30,4,0.639391897354653
950,22,3,0.5438185215739686
951,72,0,0.8329178536549281
952,68,4,0.9871567504291282
953,50,4,0.9846881471105189
954,43,1,0.047755432123228525
955,18,0,0.04059327929445189
956,54,1,0.2909750305071256
957,69,0,0.6508191096334665
958,63,3,0.7219665345167667
959,49,4,0.7293576512941585
960,24,1,0.3551189039853587
961,36,2,0.6543061266049183
962,38,1,0.9081036981240916
963,65,0,0.6537000085818381
964,69,3,0.5319503932861301
965,41,3,0.5992188892120313
966,32,3,0.9028754623042506
967,66,1,0.5685379541576074
968,70,1,0.11122506487879225
969,28,2,0.6989225515216327
970,42,1,0.3589611769683252
971,26,2,0.10948860695273255
972,47,1,0.14855663242103667
973,57,0,0.6406660933776777
974,44,2,0.07797444719704383
975,29,0,0.3059861985624095
976,67,3,0.40059199217029806
977,77,0,0.8543580690235782
978,21,3,0.25249802628464946
979,63,4,0.5765012819532391
980,53,0,0.4896956733525287
981,67,1,0.8351055785704417
982,63,3,0.4662574094643377
983,25,1,0.9614166796045578
984,65,2,0.2254566515513664
985,50,4,0.8839637164834396
986,43,1,0.3549618581474825
987,76,0,0.039456988291369344
988,52,3,0.7184098122272625
989,62,3,0.2733824954914361
990,42,0,0.7771166310629405
991,75,0,0.8912324442125604
992,75,3,0.483100599086593
993,36,0,0.4452560490801786
994,59,1,0.7876472679444765
995,33,3,0.700612184900164
996,37,3,0.879951267866093
997,24,4,0.7862407472935826
998,25,1,0.20751770098083422
999,68,4,0.44327604319877956
1000,32,2,0.3538141560335506
1001,48,2,0.4563042051356502
1002,72,1,0.8062484345073416
1003,27,1,0.32234745603030823
1004,42,3,0.03257601063587556
1005,25,0,0.7602999024803575
1006,69,2,0.3202524104479808
1007,28,3,0.25939284431247056
1008,21,3,0.9766610088319728
1009,52,2,0.6513487652819862
1010,31,1,0.19758301207469497
1011,71,3,0.42946204207412
1012,67,3,0.8599084715400189
1013,76,1,0.18234860443010703
1014,44,0,0.17687427393798338
1015,74,0,0.1273143895679516
1016,49,2,0.36282402323354057
1017,57,0,0.25281961776784334
1018,33,0,0.6988676725850139
1019,26,4,0.43319066126240924
1020,66,3,0.9703672808921132
1021,69,1,0.1795677624042381
1022,77,1,0.36100726415142337
1023,41,0,0.05189260939273743
1024,65,4,0.5806168490430338
1025,39,0,0.8009361739924918
1026,73,0,0.6157880859509116
1027,34,4,0.046228296403957536
1028,78,0,0.1463388977969985
1029,78,2,0.835178148855038
1030,76,2,0.3282479295276237
1031,77,1,0.04332601097017019
1032,21,0,0.5665874895920148
1033,69,2,0.21515248248056584
1034,28,0,0.34242646200802007
1035,70,4,0.19539373764073031
1036,37,2,0.3781714954709433
1037,74,3,0.18658039047121655
1038,31,1,0.06785205269915362
1039,73,3,0.3023864235861575
1040,41,1,0.7595385000958736
1041,23,4,0.7953803041046146
1042,77,2,0.8638660916334322
1043,24,0,0.24551707290414748
1044,47,0,0.43913496905262484
1045,52,2,0.2752084084460763
1046,35,2,0.13773258404012478
1047,71,1,0.39964732475357456
1048,27,1,0.38894570278090435
1049,58,0,0.43643520098980915
1050,26,3,0.07191099899927345
1051,20,4,0.06038670877876595
1052,58,2,0.35717039582974586
1053,41,0,0.36042982009679425
1054,80,0,0.5339352499756498
1055,19,3,0.3124297182926846
1056,58,0,0.49117709601366
1057,30,2,0.3917843021007388
1058,70,1,0.8081539447263558
1059,40,3,0.013430423874270625
1060,24,0,0.7476818991063241
1061,67,0,0.5726803717169052
1062,35,0,0.888814200808243
1063,69,4,0.7911292575090698
1064,69,2,0.9267734754447275
1065,68,2,0.41172389692273104
1066,69,4,0.02513206408007873
1067,20,4,0.4470912491035822
1068,30,3,0.6133078333588733
1069,36,0,0.5536666379039263
1070,67,1,0.16460724940242155
1071,32,2,0.7127204015240136
1072,71,1,0.7977315517236914
1073,21,2,0.8796932292249987
1074,77,4,0.687175996110539
1075,37,4,0.5904911723141756
1076,76,0,0.6894578860609882
1077,45,4,0.553232239295058
1078,43,0,0.7469850696269087
1079,19,2,0.6742915539117573
1080,37,2,0.8329264301435758
1081,52,1,0.4611010292012516
1082,57,0,0.8219802195179132
1083,66,4,0.952897368993002
1084,35,4,0.0007842695389763676
1085,21,4,0.23391943528857306
1086,41,3,0.33903145172843707
1087,59,4,0.9660673197416355
1088,36,1,0.8236131837183764
1089,77,3,0.4299584268011243
1090,30,0,0.23687236124507138
1091,25,1,0.1137063649742085
1092,50,3,0.36369076891317387
1093,22,4,0.8940456924437287
1094,55,3,0.36570189420696586
1095,74,4,0.8055674883564036
1096,31,3,0.42576458838084474
1097,40,2,0.19639818024990086
1098,49,3,0.8182986482076089
1099,40,4,0.3819449716534046
1100,46,2,0.2924119372978816
1101,79,0,0.7671764387213836
1102,35,4,0.5082100670072396
1103,54,1,0.634979073069515
1104,37,1,0.5755879183699081
1105,62,2,0.5719612277266518
1106,50,4,0.4863905541994197
1107,43,3,0.41501936687456387
1108,59,0,0.3208976544820237
1109,42,1,0.3633277613384067
1110,58,0,0.7317915284018778
1111,66,0,0.06257598567403533
1112,39,0,0.15623223088810378
1113,45,0,0.520591884418919
1114,29,1,0.4314380711621537
1115,28,2,0.5662569779522285
1116,59,4,0.6365745500881802
1117,57,4,0.4465313473442407
1118,77,2,0.4285479788429406
1119,37,2,0.4932394268580973
1120,64,0,0.8428825141299032
1121,21,4,0.5241603804870866
1122,77,4,0.9946553798261047
1123,56,1,0.1988534007883369
1124,46,0,0.5228414389383159
1125,34,4,0.20951234684062037
1126,74,3,0.6258535320411206
1127,44,4,0.596297630226455
1128,68,0,0.2122776645960599
1129,22,4,0.6105062903480823
1130,32,3,0.004385995388822006
1131,27,3,0.3664485155509366
1132,71,4,0.5738384398335828
1133,27,2,0.19937589519599896
1134,59,1,0.22971304832838846
1135,46,0,0.38184159222691805
1136,72,3,0.7608737617523623
1137,23,1,0.9146392210469231
1138,48,0,0.9234897168094554
1139,23,2,0.44387995079290365
1140,28,3,0.9733795801701789
1141,31,1,0.6618367099468155
1142,26,4,0.7672424407301012
1143,37,1,0.7021524956946954
1144,57,3,0.9702355121949102
1145,37,3,0.8002681942028855
1146,22,4,0.11004662596066417
1147,34,2,0.8161148691705401
1148,50,4,0.11344845488476674
1149,22,3,0.582855896989253
1150,80,1,0.9382071389232393
1151,18,0,0.8604110028094266
1152,57,2,0.15600569814687149
1153,28,0,0.2494875949965908
1154,47,3,0.28404875023869924
1155,37,1,0.3766716786901787
1156,52,0,0.3362294073625324
1157,43,0,0.49521387693483154
1158,41,3,0.2561923468390316
1159,60,0,0.19646894834676276
1160,51,2,0.670424916493623
1161,57,3,0.1598611497842125
1162,60,0,0.36640024410076333
1163,57,4,0.9521149124422721
1164,45,2,0.3607957301037309
1165,79,4,0.4610596249380373
1166,49,3,0.7116093649679376
1167,28,4,0.8037823213471408
1168,56,0,0.837417733950014
1169,29,1,0.9881117236740127
1170,55,3,0.1772277488370777
1171,80,1,0.5419912888297745
1172,70,2,0.3848222583578692
1173,75,3,0.9234619301353477
1174,35,3,0.08628003698493558
1175,73,0,0.4309285376753157
1176,33,0,0.19047665897817656
1177,44,4,0.2470868236287722
1178,33,4,0.9523017900744098
1179,32,1,0.7527865534318049
1180,41,0,0.4877885812362027
1181,36,3,0.24334555724574558
1182,70,0,0.7936626517793723
1183,77,0,0.8865803824537625
1184,28,3,0.5884902153561086
1185,39,2,0.019723031148587755
1186,40,1,0.22527621012160082
1187,42,2,0.4088575184914581
1188,73,4,0.04003453559536885
1189,65,2,0.47273321705549864
1190,49,2,0.09542363537387721
1191,34,2,0.41680594613672506
1192,67,2,0.7042467065512871
1193,41,4,0.5240463651227066
1194,65,1,0.7812529129543617
1195,20,0,0.3970162279857006
1196,70,0,0.44218341505417125
1197,76,1,0.6526299472440976
1198,35,3,0.10711247850371419
1199,64,3,0.5141098272116443
1200,66,2,0.20849745828472543
1201,79,0,0.3565681446541652
1202,23,1,0.7558177184797925
1203,24,2,0.3787454848085299
1204,53,0,0.9562066733476082
1205,33,3,0.4404245842024973
1206,79,0,0.5392744271949497
1207,53,4,0.9734192197655993
1208,79,0,0.7921147391873254
1209,42,2,0.5553829524031885
1210,64,4,0.9915499911953913
1211,63,0,0.31888689983270435
1212,58,1,0.37639640648526884
1213,30,2,0.8944334565001744
1214,39,2,0.32038783777461366
1215,31,2,0.44539936395667734
1216,49,2,0.4936767823191077
1217,78,3,0.004093052820754339
1218,36,1,0.30148230040252655
1219,26,2,0.028695726480031825
1220,20,1,0.7412892355246324
1221,42,1,0.8891118918535154
1222,28,2,0.7439067558042771
1223,46,2,0.08003868756779486
1224,55,3,0.384758510482034
1225,53,2,0.22358470599792934
1226,42,0,0.23538899433295957
1227,74,1,0.2860870804376505
1228,18,0,0.21147404617971277
1229,65,0,0.6696241878181419
1230,38,0,0.1366546020840126
1231,72,4,0.9997872257793832
1232,50,4,0.908786151663813
1233,20,1,0.6184233504814408
1234,27,1,0.5215088280483292
1235,31,1,0.303208425360307
1236,51,0,0.22510436505329878
1237,27,1,0.18820192308595096
1238,26,1,0.3702896080759681
1239,65,3,0.558526119272758
1240,63,0,0.8585833688446751
1241,70,2,0.5086778263938244
1242,52,0,0.21450778608727894
1243,18,4,0.7889159425691236
1244,25,3,0.9393855903028572
1245,43,4,0.8579177584180347
1246,51,1,0.31441958638546097
1247,79,2,0.919618217523556
1248,31,0,0.20466583181350195
1249,70,3,0.3566913620687947
1250,73,0,0.49354964011115365
1251,51,1,0.9563009064359722
1252,42,4,0.23067505113084585
1253,66,0,0.8022815305849341
1254,64,0,0.8221274802807903
1255,45,0,0.9831187442274275
1256,80,1,0.6889748789768568
1257,40,3,0.005232636167240234
1258,38,1,0.296929184889695
1259,56,1,0.5189149104294313
1260,65,3,0.2427692355190636
1261,57,0,0.009835348231940544
1262,23,2,0.7128848923257634
1263,68,0,0.7571583604558033
1264,36,1,0.20087150909459106
1265,63,4,0.2798860203660958
1266,58,1,0.8880657736479846
1267,66,4,0.2084123702638203
1268,40,4,0.8198729740486542
1269,78,4,0.6062348284125906
1270,27,2,0.7430780472819042
1271,64,3,0.5480099678929978
1272,62,0,0.268940292142933
1273,34,0,0.35174979743443346
1274,37,3,0.6780042083539249
1275,32,3,0.6312095071637882
1276,35,4,0.8235492501780892
1277,67,1,0.7667248751482181
1278,42,2,0.2370704862959131
1279,57,3,0.5277498406629513
1280,28,3,0.7213343632321447
1281,49,3,0.1599689595518199
1282,51,2,0.9855393210895951
1283,68,2,0.3939273464795723
1284,35,1,0.49317413180171354
1285,25,2,0.10905926302790836
1286,33,1,0.4692854882388655
1287,38,1,0.5267277768558952
1288,38,4,0.4076149387311183
1289,70,0,0.7728276599001502
1290,18,2,0.2564551951258053
1291,68,0,0.39167438158692625
1292,55,2,0.5229156118579933
1293,26,2,0.5112174887480537
1294,33,4,0.5052235157384688
1295,45,0,0.7712946920842397
1296,49,3,0.6461404989928557
1297,79,1,0.7231275535964985
1298,50,1,0.27022891851132236
1299,25,2,0.5023825207142883
1300,18,4,0.24043155516751813
1301,60,0,0.3316128405102987
1302,21,2,0.22535163190436747
1303,19,3,0.5215590609666821
1304,54,0,0.5740877535610929
1305,26,1,0.6939800155581433
1306,80,0,0.3350853110806825
1307,52,3,0.8715135540499812
1308,40,1,0.8375234071013806
1309,41,4,0.4319596453327772
1310,46,0,0.3468561254808117
1311,21,2,0.5412816195286368
1312,49,2,0.05857317267246753
1313,24,3,0.14646941520838364
1314,34,3,0.018127132045651084
1315,56,3,0.9617146369296007
1316,35,0,0.17896289804184884
1317,60,1,0.8243462260620784
1318,26,2,0.14502327652666336
1319,65,0,0.9349044144311999
1320,27,1,0.536829213509761
1321,73,2,0.7105269361278892
1322,58,4,0.31027452486792817
1323,41,0,0.873775305350783
1324,36,0,0.44212248078912564
1325,26,2,0.5278354528355969
1326,44,2,0.8645089745218587
1327,58,3,0.2731334488264884
1328,44,1,0.12465907125636
1329,70,2,0.9669881313873068
1330,22,4,0.6744739825899899
1331,74,1,0.6894535753563615
1332,43,0,0.6334037543977394
1333,60,4,0.8802569851812977
1334,30,4,0.10732621753640936
1335,71,2,0.1780996631837216
1336,80,4,0.9405996357456067
1337,75,4,0.6258845862992864
1338,70,4,0.36411111277746366
1339,76,2,0.06896653837859501
1340,22,4,0.23972886771798474
1341,63,0,0.16104395138841032
1342,19,2,0.8963212347425371
1343,74,1,0.06019232047577083
1344,45,2,0.5192745108576293
1345,44,4,0.6169489349341871
1346,62,0,0.17859130727868577
1347,32,0,0.6037950400134472
1348,66,4,0.918891890448401
1349,80,2,0.708947271984459
1350,47,3,0.7231492683208468
1351,31,2,0.22921039411286326
1352,53,0,0.11668107250205872
1353,60,4,0.9284573406693766
1354,20,1,0.5894875585111651
1355,56,3,0.48838179146572813
1356,20,3,0.46849332318205306
1357,45,3,0.4849599004899652
1358,29,4,0.11578580436421226
1359,78,0,0.7705860800236854
1360,31,4,0.22322133382351927
1361,43,4,0.7691074485463056
1362,40,1,0.5252495831590401
1363,32,4,0.46176162888323724
1364,36,4,0.7516089253524538
1365,64,3,0.8757752329912419
1366,56,4,0.46626776475858944
1367,76,1,0.7800370075948574
1368,53,4,0.8388880316749698
1369,72,2,0.27141145526922716
1370,38,4,0.942317415854098
1371,40,2,0.12597908030555172
1372,66,1,0.4734482377198711
1373,26,2,0.1498253661472445
1374,33,3,0.2893068342282936
1375,77,2,0.8281637756401654
1376,22,0,0.9711932272816256
1377,51,0,0.7857483186775773
1378,73,1,0.17459879087178132
1379,55,0,0.7838937377065947
1380,57,4,0.6489469211243903
1381,40,2,0.18848518055051278
1382,45,1,0.8509691358020585
1383,48,4,0.6256963762601099
1384,63,1,0.05864742796224642
1385,65,1,0.02788482440070983
1386,24,2,0.6301284285493463
1387,51,2,0.9018518849604523
1388,77,0,0.3361932895135813
1389,19,3,0.184143106561373
1390,68,0,0.12850306627714403
1391,25,0,0.06462349107833876
1392,76,4,0.050694109537948395
1393,31,0,0.3991944096639577
1394,70,0,0.6431714749267228
1395,58,2,0.9922862461915137
1396,45,3,0.7987522137357193
1397,56,2,0.9764827903507307
1398,19,2,0.039153375242415245
1399,31,4,0.47312383212675224
1400,73,0,0.7667216475578911
1401,61,3,0.19598657382159068
1402,78,3,0.5135248088893155
1403,65,0,0.4441969511242295
1404,32,4,0.36147353329860044
1405,71,1,0.8109773861960131
1406,72,1,0.4320292662364241
1407,79,4,0.7604577399154571
1408,46,1,0.32501983620139696
1409,32,1,0.604899550033216
1410,64,0,0.2950167900421702
1411,37,2,0.4637754188786192
1412,58,2,0.29172894621033285
1413,49,1,0.15242724129939833
1414,46,0,0.5635117535086787
1415,32,4,0.7506666044215597
1416,20,0,0.7948453605109055
1417,75,4,0.27723684254315994
1418,57,2,0.8527798858562428
1419,33,4,0.1381303350995603
1420,66,4,0.35931036084234247
1421,59,2,0.7511376083583262
1422,76,3,0.7933819754028011
1423,36,1,0.32433043049945587
1424,34,0,0.047590330068495446
1425,58,2,0.4616635836227264
1426,56,1,0.7191708912170365
1427,33,4,0.7939877543083824
1428,19,0,0.17573085171987934
1429,26,4,0.604053361767766
1430,23,0,0.9285454302457448
1431,42,3,0.4016682506969409
1432,20,3,0.275512575490652
1433,77,4,0.8000068799320312
1434,20,3,0.30405248045679323
1435,73,3,0.8612363564375298
1436,35,3,0.3532693728769236
1437,72,3,0.07260390750101642
1438,29,2,0.11715998136135608
1439,50,0,0.590565628542235
1440,63,3,0.6168730256316554
1441,36,3,0.8548332282706795
1442,39,1,0.0897451575012832
1443,44,0,0.4128933789535445
1444,55,2,0.3981887045227378
1445,38,0,0.8968614312604919
1446,78,0,0.8622892495632667
1447,47,4,0.6866771858341434
1448,80,0,0.7974398124016057
1449,51,2,0.8406695508921087
1450,52,4,0.7450214157607046
1451,19,2,0.9576358401265042
1452,53,2,0.7276509860278157
1453,79,0,0.48359888617610425
1454,64,3,0.6627042914705014
1455,41,3,0.7824200366045532
1456,62,4,0.22514661810261005
1457,75,0,0.3050609993201595
1458,59,0,0.9336453886117088
1459,71,1,0.3940313367153009
1460,71,0,0.904522687656343
1461,80,1,0.6542614158683825
1462,41,4,0.7408081181258748
1463,40,0,0.3997273651633648
1464,50,1,0.4701938413554113
1465,75,3,0.3934592457062005
1466,80,4,0.4453998273885269
1467,42,0,0.034971429147332866
1468,19,4,0.07029229296634698
1469,18,3,0.9285352305991178
1470,47,0,0.17995529375708452
1471,69,2,0.8059056643722576
1472,69,3,0.6064931824447328
1473,80,0,0.6795548141240869
1474,40,3,0.27626707993680266
1475,32,4,0.007237421611538064
1476,41,3,0.728915875986185
1477,78,1,0.6879629770218592
1478,71,0,0.4736806284543519
1479,55,3,0.14889254340349867
1480,21,1,0.15165545274413017
1481,22,3,0.19243804477858995
1482,75,3,0.9500698033141162
1483,33,0,0.8849938575868574
1484,71,4,0.10643747186376984
1485,68,3,0.030834617557938926
1486,58,2,0.20935619591233667
1487,48,1,0.4866949142976579
1488,41,2,0.13369061442436003
1489,55,0,0.5910839798759738
1490,47,4,0.8725335762652899
1491,36,1,0.7918622477615298
1492,71,1,0.04141496074975126
1493,48,4,0.24217240545883156
1494,38,3,0.6139074740424825
1495,18,1,0.6993578496655732
1496,57,1,0.2809232788883089
1497,18,0,0.5171115254076871
1498,27,0,0.17374249735646796
1499,32,0,0.5787305262179833
1500,50,1,0.4971968742034377
1501,54,1,0.6181802078805918
1502,69,2,0.22244474897749023
1503,53,2,0.8320703283901606
1504,34,3,0.6375637671370382
1505,73,2,0.73281403557438
1506,68,3,0.06732479401756164
1507,28,4,0.4450125336880816
1508,31,1,0.46658942485758526
1509,21,2,0.4656990263339793
1510,66,3,0.5233499463134066
1511,35,2,0.42217330281159815
1512,44,4,0.20222666664068145
1513,25,0,0.7526044523502784
1514,73,3,0.6968838566208422
1515,33,3,0.7256166558453041
1516,77,1,0.9200187078987156
1517,46,0,0.45663284852218156
1518,68,1,0.6286036239270875
1519,80,0,0.9016513115785412
1520,54,3,0.26741685965151774
1521,36,4,0.719327368555158
1522,47,2,0.3022803354494332
1523,18,4,0.7547609962033723
1524,54,1,0.35117363099271937
1525,34,4,0.19269615656295724
1526,26,0,0.023954395894087432
1527,62,0,0.5380231417863691
1528,22,2,0.06843993241566415
1529,18,2,0.5162816463534514
1530,38,0,0.6411607514031762
1531,38,3,0.4463617228512441
1532,48,4,0.7308834534789368
1533,63,2,0.9937297632086373
1534,59,3,0.37197235145682184
1535,79,2,0.20754190080097767
1536,73,1,0.6414158157435886
1537,46,3,0.29462217311220873
1538,39,4,0.3069760052494651
1539,51,3,0.5228375380846269
1540,19,3,0.7785029883580993
1541,69,4,0.381592759919676
1542,63,1,0.23199384694110603
1543,43,0,0.8858245736068107
1544,56,1,0.4107306823996404
1545,65,0,0.17315722285766733
1546,29,3,0.5914753900194406
1547,76,3,0.5875589946421926
1548,64,1,0.7341882348990213
1549,21,1,0.7523844742238617
1550,76,2,0.971816628833937
1551,33,3,0.560867529425651
1552,21,0,0.22432479263585814
1553,60,2,0.9320680718358728
1554,45,1,0.57349716634985
1555,63,3,0.9035029146665606
1556,38,4,0.5179487197904316
1557,59,1,0.5857635093222768
1558,36,1,0.6613892667903559
1559,33,4,0.7984919634212697
1560,32,0,0.3161646146643048
1561,33,1,0.6176692060116238
1562,65,4,0.24610398150855362
1563,77,3,0.658379554841752
1564,50,2,0.030084977520576706
1565,70,1,0.5260142537731596
1566,60,1,0.05100687098650847
1567,73,1,0.3536193041862815
1568,34,0,0.07596509755593306
1569,80,2,0.10971150262699814
1570,52,2,0.9267046687773463
1571,37,1,0.7214351046477131
1572,67,1,0.09928101949818002
1573,32,3,0.7423560081772729
1574,27,0,0.0852255818006068
1575,18,4,0.43870695685466865
1576,38,3,0.198422194685278
1577,41,0,0.3036184945772611
1578,55,1,0.6568344324365855
1579,20,3,0.5185940663061342
1580,53,1,0.47760081072664384
1581,62,0,0.04811479382003048
1582,56,4,0.6587409602536858
1583,28,3,0.4583011235380887
1584,69,2,0.11073764499072303
1585,55,2,0.0015349087721528987
1586,34,3,0.8259750228201297
1587,18,2,0.017109669376421888
1588,62,2,0.7113309400013292
1589,79,2,0.15279737159836182
1590,80,0,0.448382217266581
1591,18,2,0.9262567490227792
1592,39,0,0.5458270185454038
1593,56,1,0.9108113035870681
1594,42,0,0.5968253362716454
1595,32,3,0.8694654086320768
1596,33,0,0.7005331599631482
1597,56,3,0.15826775757937261
1598,37,0,0.8807953911403772
1599,61,4,0.13587033720510633
1600,80,1,0.5734949459987358
1601,42,0,0.49919156624811756
1602,31,3,0.6296267864576663
1603,42,1,0.7008814653157778
1604,46,4,0.5467550425497897
1605,59,3,0.9354453735220131
1606,21,1,0.3395189924491463
1607,45,4,0.1503908074988276
1608,72,0,0.8136055138739694
1609,36,2,0.00012683617167541517
1610,62,0,0.9840554680623885
1611,73,0,0.23112381406340188
1612,57,0,0.7403304787662514
1613,53,4,0.47839719798599034
1614,39,1,0.17310558257253028
1615,52,1,0.934528762752056
1616,43,4,0.3775210496379362
1617,44,1,0.7107084932674229
1618,24,1,0.3946043442382394
1619,67,1,0.08780468148298204
1620,62,3,0.0691020742689673
1621,40,1,0.4238376803560433
1622,57,3,0.2630928282543077
1623,73,2,0.9317251895548181
1624,42,3,0.5335495897427535
1625,66,0,0.03129335197715433
1626,37,4,0.8055903796952205
1627,28,4,0.6078425448977981
1628,41,2,0.980212720234518
1629,67,0,0.9861898531875406
1630,18,2,4.650373734882418e-05
1631,37,3,0.12600213456620268
1632,76,0,0.9726374041428687
1633,26,0,0.6725702158021509
1634,20,1,0.38462866573603005
1635,48,2,0.7664310298675026
1636,53,0,0.646312967752751
1637,79,2,0.6234922856701454
1638,19,2,0.1380463515875754
1639,62,4,0.8765461168607035
1640,39,0,0.6102988299977448
1641,46,2,0.5660475838207167
1642,68,1,0.05379043524857452
1643,43,4,0.7747185202316587
1644,78,2,0.5921576365274978
1645,68,0,0.5952957125501867
1646,38,1,0.15545198765126222
1647,26,4,0.672465847559408
1648,41,1,0.13857465116921508
1649,26,2,0.14419107436768264
1650,43,3,0.18015594500500276
1651,47,4,0.9817474551198293
1652,49,3,0.645914192126769
1653,24,1,0.8124551015479172
1654,57,0,0.21354376035739098
1655,39,4,0.7801257111014415
1656,66,4,0.5689130895359467
1657,74,4,0.3694251453673433
1658,27,1,0.8850258886621969
1659,74,3,0.022440275378721397
1660,52,1,0.9669914756657568
1661,28,0,0.8995546250420512
1662,64,2,0.523677730511896
1663,22,1,0.6294005704832812
1664,20,4,0.9433416614566504
1665,28,3,0.2772863374347251
1666,60,3,0.3296436646385291
1667,77,0,0.27203118288210104
1668,79,4,0.2370689343704574
1669,32,4,0.714742159354243
1670,75,3,0.2753642190571527
1671,20,0,0.21385872915283843
1672,44,1,0.7425949557987658
1673,46,2,0.29962399641790083
1674,27,1,0.0952284849804863
1675,24,1,0.7925043149998297
1676,26,4,0.07527328762351326
1677,46,3,0.9837534612702291
1678,40,3,0.5711067517927182
1679,33,1,0.746772405661181
1680,57,1,0.36755369973169516
1681,59,3,0.6378825546811915
1682,53,3,0.9971905171912891
1683,19,3,0.6330356270353016
1684,27,3,0.5100130472125094
1685,21,2,0.7068483339356089
1686,61,3,0.7512146465717756
1687,49,4,0.22083499170086085
1688,76,0,0.17304543475619882
1689,22,1,0.3774903694249846
1690,73,4,0.46509860749568455
1691,45,2,0.05815771346977816
1692,46,1,0.7806363476464474
1693,36,2,0.5084268912703838
1694,38,0,0.5109107590960945
1695,21,0,0.10168180709283192
1696,51,2,0.19932340243774826
1697,35,1,0.3015539904995813
1698,48,4,0.12598600066362364
1699,57,2,0.12817955975269724
1700,28,1,0.20512667462518197
1701,70,1,0.8377149370494741
1702,77,2,0.4795792317600285
1703,64,2,0.9929358715422911
1704,40,1,0.20512554516659554
1705,33,4,0.00992917068942012
1706,58,1,0.46985716698824753
1707,30,1,0.6692375810383554
1708,78,3,0.6921487619293935
1709,67,3,0.6887755873587572
1710,63,0,0.4381496302654546
1711,44,3,0.46235486968417383
1712,73,3,0.2820231451085856
1713,49,1,0.5969952494983387
1714,24,2,0.6221298064291968
1715,42,2,0.5782537629458986
1716,64,1,0.36017867968596085
1717,21,2,0.733180728783471
1718,74,3,0.4650163140372905
1719,20,3,0.734205386367503
1720,63,2,0.9763120347236179
1721,53,2,0.848081643604598
1722,23,2,0.5445734286054003
1723,27,2,0.7245030286516914
1724,30,3,0.22999049659154702
1725,58,3,0.5935255685248094
1726,35,2,0.1800183783818945
1727,66,0,0.8223018599074243
1728,53,3,0.618497373579783
1729,42,1,0.08971173626729811
1730,59,4,0.09322919474457247
1731,25,4,0.29438308620339926
1732,44,0,0.16043600115260392
1733,69,2,0.33633843979654454
1734,33,3,0.6844767521109288
1735,61,4,0.6789580069150969
1736,27,1,0.6362926191083674
1737,46,2,0.6530992610329283
1738,29,3,0.7536906492778326
1739,29,0,0.48080636280586875
1740,70,4,0.7472458360198692
1741,71,1,0.4811138510857216
1742,73,0,0.4137944784010278
1743,68,4,0.6524264519125204
1744,32,1,0.7204504661555546
1745,50,1,0.41339052347167804
1746,32,3,0.5768535122034149
1747,79,1,0.7621951148586978
1748,23,4,0.4546474251294266
1749,30,1,0.04070121171335106
1750,20,4,0.6192511814134
1751,71,2,0.9206345048669103
1752,34,3,0.5765866618898822
1753,57,4,0.01839271312222901
1754,73,0,7.196893347960476e-05
1755,56,4,0.7134968745747029
1756,61,4,0.30982540005482806
1757,30,0,0.21248918004670747
1758,44,3,0.4428010017473626
1759,18,3,0.9311947251302763
1760,76,0,0.7186116728627441
1761,60,3,0.32880570125566877
1762,38,4,0.6977841120686472
1763,23,4,0.3371953419552334
1764,61,2,0.21493476168843717
1765,46,1,0.29376382906777676
1766,36,3,0.43198378557901085
1767,79,1,0.35461131269862656
1768,53,3,0.8883693257467776
1769,80,4,0.933614635978453
1770,64,0,0.1490573478248447
1771,24,1,0.2360956391371506
1772,21,2,0.9763206572795553
1773,40,4,0.3572939959005148
1774,35,1,0.0228199866915596
1775,21,2,0.6432415742672285
1776,75,0,0.2025327726147691
1777,45,4,0.224527767272224
1778,56,1,0.6233035710037019
1779,77,4,0.36835248989890546
1780,34,1,0.11662381057493898
1781,54,4,0.58506473328938
1782,80,3,0.33070589579320286
1783,63,0,0.01809410452462301
1784,30,1,0.3618696786240314
1785,32,3,0.1485155307975079
1786,40,4,0.43338173670306124
1787,23,1,0.2396741339628209
1788,80,1,0.7868089309810062
1789,59,0,0.1695997087834612
1790,60,4,0.5960971157717301
1791,46,1,0.16375234210000722
1792,71,3,0.08541153347246422
1793,23,2,0.7050610443596932
1794,67,2,0.18034699972254198
1795,48,2,0.14752186023680391
1796,69,4,0.26600872483809235
1797,37,0,0.39016107799830047
1798,40,4,0.6181995172577248
1799,71,2,0.702042909801095
1800,61,0,0.453394120324077
1801,69,1,0.2381856363730428
1802,30,0,0.07066478196526249
1803,56,1,0.060197467966982776
1804,28,2,0.019434325978360256
1805,60,4,0.8657432546890809
1806,74,1,0.9996946479203013
1807,66,2,0.45715495100731063
1808,68,4,0.9158592199798666
1809,65,1,0.3423245009097704
1810,37,3,0.21704895709023198
1811,27,0,0.1695420571185231
1812,48,1,0.9944730955566824
1813,40,0,0.9825883022371137
1814,49,1,0.4912719551186836
1815,68,1,0.9044900455796981
1816,67,3,0.009059929257550836
1817,78,1,0.17348905208094112
1818,22,4,0.1721322222282442
1819,65,0,0.1222255916702143
1820,78,3,0.695898809057556
1821,39,3,0.9759102981420652
1822,75,3,0.7825764476955516
1823,46,0,0.9918178222956541
1824,22,2,0.5253031715825696
1825,49,1,0.5370095758188456
1826,51,0,0.11582541716760397
1827,37,4,0.8811665965407544
1828,24,3,0.5252942280910425
1829,26,1,0.3511118045278725
1830,47,4,0.2384580844137254
1831,71,3,0.21219316523726683
1832,20,2,0.5187637035583764
1833,36,1,0.6006973525672216
1834,34,1,0.7121723163845014
1835,19,3,0.21498135396308227
1836,30,0,0.9916771597520797
1837,66,0,0.6648238965797513
1838,31,4,0.8282645156299805
1839,57,4,0.07090254958753528
1840,37,2,0.7587264608965246
1841,29,0,0.9027339785018741
1842,60,4,0.34769197074109515
1843,70,4,0.0020390956820741657
1844,32,1,0.3754760042220746
1845,65,3,0.44887488703208556
1846,63,2,0.13253751953081472
1847,63,0,0.030768503784162404
1848,32,1,0.6134601543409345
1849,51,3,0.5688203317389846
1850,66,4,0.9228308703970937
1851,24,4,0.8722692247843408
1852,75,4,0.6744594185585534
1853,20,0,0.05677287133168574
1854,32,1,0.9229248329098309
1855,49,1,0.08919824600980408
1856,48,4,0.09037025659904385
1857,71,1,0.014942682598072299
1858,57,3,0.9248802732009818
1859,47,3,0.8224478269671668
1860,30,1,0.6155908740783019
1861,69,1,0.825734596664112
1862,65,1,0.3006135486826217
1863,68,4,0.33122182658156085
1864,26,4,0.24873627481308402
1865,47,1,0.8965897212641413
1866,21,1,0.71309136919075
1867,56,4,0.9220317895504286
1868,24,4,0.015319063316099113
1869,31,1,0.6737268697269871
1870,43,3,0.27726800529509554
1871,35,3,0.5501306211723855
1872,62,3,0.790238695205395
1873,79,2,0.25319919587119877
1874,78,1,0.5591290588304713
1875,75,3,0.8761564879385845
1876,36,1,0.9244444815274296
1877,20,0,0.6860178636435061
1878,23,0,0.3209218240292059
1879,76,2,0.3311900151194608
1880,53,4,0.37544886357054075
1881,73,3,0.6539332139936085
1882,19,3,0.7639662474710273
1883,74,4,0.6627285022798136
1884,37,1,0.826158724270629
1885,61,3,0.3952276764906756
1886,66,3,0.4558031255038977
1887,65,0,0.6260817754805197
1888,74,3,0.5388565142837558
1889,63,2,0.10985846822488021
1890,37,2,0.6077259089529142
1891,71,0,0.3370503217252142
1892,24,4,0.9734025963982753
1893,25,0,0.9088141084946143
1894,72,2,0.16478674778540192
1895,35,4,0.8724041436598783
1896,49,3,0.01315241514339549
1897,75,4,0.46548811464972806
1898,54,0,0.7940177103097752
1899,67,0,0.31201971166381537
1900,64,2,0.8271475769449361
1901,70,2,0.8714431143901975
1902,53,0,0.451814748606293
1903,35,2,0.39256976943033295
1904,79,1,0.43644808204306196
1905,32,2,0.039066027598205766
1906,76,0,0.7389696900442296
1907,75,4,0.896347413083863
1908,63,4,0.0852393682755227
1909,63,2,0.6782657703767294
1910,40,0,0.12511828534879033
1911,52,3,0.9086594266228621
1912,32,3,0.8498297912910244
1913,65,3,0.36163516526310535
1914,29,4,0.22660723210304934
1915,54,0,0.7422213668605239
1916,18,4,0.471326635861525
1917,58,1,0.6707198090774369
1918,32,3,0.7573169027135851
1919,28,2,0.4003846354673425
1920,63,2,0.5099670651201113
1921,64,4,0.07897903948414131
1922,75,0,0.37210915763043073
1923,49,3,0.48414846513102583
1924,34,1,0.9390835972063105
1925,19,2,0.24935351547911588
1926,70,4,0.8905728680541811
1927,62,2,0.5266795941258464
1928,73,4,0.11990325562179338
1929,44,0,0.9984554969714519
1930,80,2,0.02635934863639311
1931,80,4,0.2539937834305881
1932,19,0,0.4897562996761854
1933,68,4,0.5920886164929586
1934,49,4,0.5917549404986916
1935,50,4,0.3833206772427794
1936,32,1,0.36694342641361866
1937,50,0,0.1330861483488439
1938,79,1,0.26727035966862744
1939,64,1,0.1567699080124908
1940,42,0,0.6250331873564086
1941,44,1,0.2866418506966819
1942,68,4,0.5450342144298131
1943,75,1,0.548632507052928
1944,37,4,0.09996089274635733
1945,74,0,0.809199392722971
1946,39,0,0.7139953542006594
1947,75,2,0.5515550328221149
1948,68,2,0.577556431288312
1949,64,4,0.4447563153933908
1950,45,4,0.4415410662153786
1951,66,0,0.7402537111176021
1952,29,3,0.8898185117573175
1953,67,2,0.566286269795111
1954,44,1,0.4029857555407337
1955,61,2,0.5962145929963849
1956,25,3,0.4870198708422374
1957,41,4,0.609020244347959
1958,68,2,0.28553551143245814
1959,21,0,0.41689308949521
1960,64,0,0.3540791898049257
1961,44,4,0.6566097141187763
1962,71,0,0.6983100837320001
1963,74,3,0.002269888350214244
1964,59,0,0.4300512448584791
1965,20,1,0.8311171412787904
1966,60,0,0.027076279722697105
1967,22,4,0.18937289257223644
1968,78,3,0.397993296251673
1969,40,2,0.8104837705039103
1970,24,2,0.9224850851335654
1971,31,1,0.167122161647702
1972,74,3,0.04970462722107449
1973,75,4,0.07112182284079138
1974,29,4,0.7640956650633162
1975,70,3,0.9960842170597737
1976,19,3,0.03417618664291511
1977,45,4,0.26971731830976897
1978,22,3,0.8347338412490485
1979,44,3,0.8039962300712968
1980,23,3,0.9527352865774416
1981,43,4,0.7334612192256384
1982,39,4,0.47184515848706365
1983,54,4,0.8920096980708078
1984,22,3,0.4445980651880598
1985,78,2,0.9768842504618532
1986,22,2,0.7325004447190712
1987,32,2,0.8149734214473006
1988,48,3,0.01925257352264098
1989,45,1,0.04870370124773227
1990,50,3,0.7993163520300528
1991,32,4,0.2880808403449199
1992,75,1,0.4705122562588411
1993,50,4,0.798076296614798
1994,68,3,0.6735412157970094
1995,33,3,0.4709561176795386
1996,37,2,0.08301341700386378
1997,67,2,0.29220036246291037
1998,33,4,0.9560018187834117
1999,53,3,0.5652242524524093
2000,69,1,0.67602438271375
2001,37,2,0.9621927765394432
2002,22,4,0.1100266388014357
2003,56,3,0.5657360302418615
2004,24,4,0.07856030358981791
2005,50,2,0.18734662912875133
2006,64,1,0.41013950368615804
2007,22,4,0.12150268350421867
2008,64,4,0.20362711580273496
2009,31,1,0.6618205611611448
2010,56,1,0.2607601061050465
2011,29,4,0.1274331316673819
2012,32,0,0.4883434885879414
2013,78,0,0.4605560827907058
2014,73,2,0.042146106292920926
2015,20,2,0.4034730286781878
2016,30,3,0.03900094026967371
2017,46,2,0.6695938978761278
2018,38,3,0.8784852100956457
2019,24,1,0.37462583201363453
2020,31,3,0.4725268497138586
2021,37,2,0.5303213786964214
2022,36,3,0.2905316119942787
2023,25,4,0.5491908045001389
2024,33,2,0.964833564135318
2025,47,3,0.6495924186983961
2026,61,1,0.9915306802287339
2027,42,3,0.2860400640476979
2028,56,3,0.22427824031659815
2029,45,1,0.05685807235749163
2030,70,0,0.5213980656680112
2031,57,1,0.0058573737376667045
2032,39,3,0.7656833636682236
2033,32,2,0.775671319925223
2034,63,0,0.7338799630636164
2035,27,4,0.8994433323780936
2036,21,4,0.7549486731238818
2037,65,1,0.9002253844475051
2038,18,4,0.1832215161003231
2039,23,4,0.41673806093079313
2040,47,1,0.4976776957369843
2041,41,1,0.968098993653764
2042,32,1,0.2127860879457616
2043,20,4,0.4298813529181983
2044,45,4,0.6839632069316758
2045,27,1,0.9528036729325101
2046,45,4,0.5039394858044157
2047,55,1,0.7213271901412721
2048,75,0,0.1077428556651312
2049,36,1,0.9602863476234632
2050,40,4,0.21268079476424528
2051,22,1,0.07389827213506928
2052,45,0,0.6885800904262936
2053,18,2,0.9841739011844058
2054,65,4,0.16262232904875618
2055,68,1,0.4537452380531958
2056,22,3,0.2751624619907842
2057,30,2,0.5400093878282557
2058,18,4,0.33372634500787324
2059,44,1,0.4238899652577256
2060,73,3,0.37567204000487897
2061,47,4,0.40746346037548986
2062,22,0,0.4335295476905944
2063,59,0,0.026689645037141885
2064,61,2,0.09586505172000381
2065,74,0,0.9363923598961936
2066,58,3,0.8156869436793028
2067,76,0,0.6715668960660046
2068,77,2,0.8950841507875154
2069,70,3,0.13645191121845435
2070,33,0,0.8537375784578272
2071,43,4,0.38835684420239536
2072,63,3,0.9072727873478299
2073,43,4,0.6161825744572107
2074,80,2,0.9130219694589234
2075,66,0,0.7041361133190475
2076,54,1,0.10241562760227307
2077,53,4,0.4513219905068989
2078,73,0,0.6330344435335244
2079,65,4,0.9679317993512837
2080,46,0,0.7119520549170095
2081,73,2,0.3205452739200466
2082,27,0,0.6866808556458724
2083,35,4,0.1813513142155314
2084,74,1,0.7913137632411418
2085,59,1,0.3190747731152439
2086,19,1,0.3598737647076268
2087,66,4,0.951584130641922
2088,71,2,0.8735925262961866
2089,20,0,0.23127611733191633
2090,36,0,0.4803674614680675
2091,44,1,0.05255826535120245
2092,31,1,0.848146374836194
2093,36,0,0.290060615561722
2094,28,2,0.45201028351691397
2095,24,0,0.8518740749653195
2096,71,4,0.7738855553491064
2097,69,4,0.4149651395617302
2098,80,4,0.9761982965778708
2099,65,4,0.8163459702059109
2100,47,4,0.09349271875389098
2101,75,0,0.34422162319878213
2102,34,3,0.47409883397080177
2103,28,0,0.5448595789076242
2104,42,0,0.8255179999367172
2105,54,3,0.8910582533103057
2106,43,1,0.488326455741673
2107,39,3,0.15865812990837558
2108,78,2,0.9921393314789859
2109,70,0,0.9560626476910771
2110,33,4,0.5776487635393023
2111,56,4,0.4109175331935515
2112,78,0,0.677941389683495
2113,64,3,0.1576784273785563
2114,80,2,0.2771437337115291
2115,66,0,0.9245353544577597
2116,63,3,0.9690312073151733
2117,39,4,0.07349303857692757
2118,75,3,0.8729617024449366
2119,24,4,0.1536590228243513
2120,49,0,0.1349119292368518
2121,43,4,0.9228625940464436
2122,29,4,0.9585647701445076
2123,63,4,0.6703557316324891
2124,35,3,0.9072895584076129
2125,75,3,0.3153998319125493
2126,64,0,0.5462961229068843
2127,33,4,0.3379819384163478
2128,75,4,0.8385286458044265
2129,73,4,0.7119243047695571
2130,70,2,0.4936917110772253
2131,54,1,0.7873179200452635
2132,72,2,0.06084669638869
2133,73,1,0.931137612070231
2134,78,2,0.968451291815336
2135,55,2,0.27862345719423876
2136,57,1,0.14755321396894006
2137,61,1,0.9018773416685214
2138,46,2,0.5259676499185677
2139,45,2,0.14043294552022367
2140,57,4,0.9567279624847937
2141,21,2,0.6984755942905463
2142,23,4,0.5742550857255061
2143,18,2,0.21198048728658292
2144,26,2,0.1468211298371329
2145,19,1,0.8585255743714906
2146,39,3,0.0003759521084623074
2147,73,3,0.4721290580977354
2148,62,4,0.1437879209365901
2149,35,3,0.8943864468561038
2150,47,2,0.29357631282123053
2151,79,0,0.2837897792029547
2152,74,1,0.5026642838335802
2153,60,2,0.2575881748176442
2154,38,0,0.13146992893456166
2155,51,0,0.05456165108392241
2156,68,1,0.7081170458759493
2157,75,4,0.6671751549476705
2158,66,3,0.6425311598563128
2159,39,0,0.33052273793198184
2160,58,0,0.048903251872480014
2161,25,2,0.25424076475093793
2162,41,0,0.030847232978131967
2163,22,2,0.68164230853917
2164,68,3,0.06296596687007994
2165,52,3,0.9917503573214176
2166,47,0,0.6514369955649777
2167,28,3,0.9798621991921382
2168,42,0,0.6020051290072029
2169,55,2,0.21248693088120552
2170,62,4,0.2914245065402554
2171,52,3,0.7069373816854219
2172,26,4,0.9322724209043297
2173,42,4,0.7876849141921357
2174,32,3,0.7337103887754433
2175,44,0,0.239305880587372
2176,39,0,0.6697510476612065
2177,54,1,0.7943307144441287
2178,57,2,0.20014551955147264
2179,48,4,0.8836915077478997
2180,43,4,0.7071336591495647
2181,79,2,0.34157872555847646
2182,41,1,0.5838484040405584
2183,46,3,0.09893810713552431
2184,71,4,0.8372578737459281
2185,29,1,0.20183028811876358
2186,54,1,0.7418695265443138
2187,64,2,0.8637393148229624
2188,71,2,0.7423562731882699
2189,65,2,0.548054600576157
2190,34,3,0.7752654256965239
2191,22,3,0.979846775703351
2192,51,3,0.04165055618539859
2193,57,1,0.6287629503340723
2194,60,0,0.7304117786268874
2195,74,1,0.8369558277640473
2196,72,0,0.08230073566402629
2197,31,4,0.5881762719174087
2198,55,2,0.48680930177156845
2199,60,1,0.5905903866039122
2200,77,2,0.36856187731749834
2201,78,1,0.30955079578968425
2202,53,2,0.21649093545296494
2203,40,1,0.8159368226998396
2204,43,3,0.14044001486693058
2205,73,0,0.13414528793216351
2206,40,0,0.02078362239947984
2207,35,1,0.9422427535103864
2208,70,0,0.6995905661994293
2209,78,1,0.06287280088446712
2210,58,2,0.5113967052655691
2211,64,2,0.4843841277044273
2212,45,1,0.9984672546878317
2213,29,2,0.8052665731856408
2214,23,2,0.8704610674894536
2215,54,3,0.11402293730996238
2216,64,4,0.9616911055660705
2217,34,3,0.18332810564098567
2218,73,2,0.7305618931308187
2219,48,0,0.9666442293457719
2220,24,0,0.16912757843376114
2221,27,0,0.014077395683138372
2222,58,0,0.4628264895964548
2223,31,4,0.1320645634476857
2224,28,1,0.8839383504799238
2225,63,4,0.6512728324317194
2226,48,0,0.5942604876785995
2227,20,3,0.184805684761307
2228,44,1,0.031233353157322674
2229,59,2,0.46569479387681756
2230,38,2,0.8050621946931716
2231,22,4,0.9794656549175386
2232,30,2,0.9263581471695224
2233,69,2,0.4208354911777161
2234,54,3,0.6250149563708235
2235,50,0,0.6818305185357091
2236,29,3,0.2807614667738284
2237,28,4,0.7596042507291679
2238,77,3,0.24454774501494048
2239,48,2,0.4801188700617208
2240,20,0,0.5388235252405063
2241,35,0,0.017550899277972154
2242,73,4,0.24444357435089092
2243,45,3,0.7669955998274838
2244,48,0,0.596305445615996
2245,57,2,0.6821606189462146
2246,32,1,0.06416730653706826
2247,41,2,0.8924671707719265
2248,49,4,0.43865149199935305
2249,20,4,0.567525001939889
2250,53,4,0.5665789313943619
2251,21,4,0.3621502327111892
2252,26,2,0.5035784819676689
2253,55,0,0.4308492026016364
2254,72,0,0.6651982392261859
2255,23,1,0.6490672435906768
2256,58,1,0.2629655628524885
2257,73,4,0.6672278899932372
2258,66,0,0.5004099126454572
2259,76,3,0.3727995801836941
2260,26,1,0.8418071883280182
2261,27,0,0.212024998515847
2262,25,2,0.3977731623478481
2263,41,0,0.3170634842520146
2264,38,0,0.8024812339708298
2265,35,0,0.2543891664875916
2266,54,1,0.8212689745996603
2267,48,4,0.2759824123281108
2268,72,0,0.8546237047957976
2269,64,4,0.22031468910529994
2270,40,0,0.7648401965319822
2271,32,4,0.04146017980398431
2272,19,0,0.7262108505717789
2273,39,1,0.2907972055053716
2274,66,3,0.9595390218613382
2275,44,4,0.27587877948996786
2276,77,4,0.12641636798580036
2277,50,2,0.06340050802264696
2278,57,0,0.4631927083554176
2279,69,2,0.35450868754932785
2280,80,1,0.2644059110863164
2281,53,1,0.4283271836488477
2282,25,4,0.7471642090771269
2283,51,1,0.5643636498488582
2284,40,1,0.9964151731730063
2285,23,0,0.395012869568411
2286,37,0,0.2266463320137484
2287,64,3,0.05777665751408456
2288,43,4,0.49721274562712614
2289,79,2,0.8660770176979801
2290,47,2,0.6725522975700906
2291,36,3,0.3531434634574543
2292,55,4,0.8474738739349548
2293,19,3,0.49773622650479177
2294,24,0,0.34024857619424753
2295,80,1,0.8312803181284738
2296,29,2,0.15027041728617463
2297,45,4,0.09842177801989493
2298,46,1,0.32815041116923294
2299,55,3,0.5275159585245739
2300,32,2,0.4172042023238426
2301,56,4,0.13871087028794393
2302,19,3,0.010337398591035107
2303,36,0,0.17210649623316654
2304,51,4,0.06114164898625207
2305,18,4,0.09341669272485442
2306,21,3,0.9258108424692816
2307,24,4,0.37502848888033324
2308,51,3,0.18129037537255077
2309,24,1,0.7763124206091209
2310,36,4,0.08101571847903011
2311,28,3,0.8267639201840251
2312,64,3,0.7771550940389057
2313,18,1,0.3168608720552841
2314,67,2,0.6258360460262312
2315,56,1,0.3497298914091358
2316,52,1,0.9185619599756555
2317,25,0,0.1865023601732293
2318,60,3,0.3592228169255498
2319,78,2,0.7248820375692062
2320,65,4,0.9976351912406419
2321,45,4,0.7001950764838044
2322,60,2,0.7400863785582266
2323,26,4,0.4813636183322063
2324,38,1,0.013379517093193627
2325,34,2,0.4141061128630954
2326,23,0,0.5655304001152034
2327,32,4,0.9898023816303536
2328,36,2,0.39079003611586394
2329,44,3,0.7652759928301499
2330,77,4,0.9600020511341585
2331,57,4,0.8262345274165273
2332,36,1,0.13439557925279044
2333,32,4,0.9162685223855656
2334,25,2,0.37242115556298383
2335,34,4,0.7425339345894361
2336,78,2,0.7015232339825269
2337,64,3,0.7283750377177121
2338,58,4,0.6127033981737868
2339,37,2,0.32473536631333166
2340,62,0,0.0013823592558985798
2341,55,3,0.3029698979645382
2342,61,4,0.07040062342736919
2343,34,2,0.6681952038669838
2344,19,0,0.8997839546037932
2345,31,1,0.4217573480011908
2346,18,0,0.5438146541722813
2347,77,0,0.28404304394641466
2348,77,3,0.878586771246978
2349,53,2,0.03655891213192419
2350,34,0,0.0928106012774409
2351,44,4,0.8915882132646428
2352,58,2,0.4697456903691991
2353,25,4,0.5758746577404439
2354,30,4,0.2875971111013754
2355,39,4,0.0223849391115174
2356,36,2,0.7625360828409419
2357,57,0,0.3463588835426916
2358,73,2,0.9332118562560198
2359,21,4,0.4519827364181678
2360,27,0,0.005080982926103594
2361,61,2,0.645705130963791
2362,22,1,0.7201640929494083
2363,47,1,0.7542509333473564
2364,48,2,0.2574380560456496
2365,53,3,0.2838281749867718
2366,73,2,0.4605342743024232
2367,55,1,0.6787892300545394
2368,35,1,0.5300736485247889
2369,50,2,0.2903760844320433
2370,62,4,0.8136196327231976
2371,28,1,0.776258470811891
2372,31,3,0.9089745721931796
2373,73,3,0.5253063318177407
2374,20,2,0.09457193546552212
2375,23,2,0.8928722104619818
2376,47,4,0.42696499278418676
2377,31,0,0.9193029460791757
2378,49,2,0.33234982486455045
2379,57,2,0.803328675463979
2380,59,1,0.22622199621917627
2381,35,0,0.3440719073854076
2382,79,2,0.036283024277721676
2383,67,0,0.4204530576562594
2384,25,0,0.034577207270870325
2385,27,3,0.5769996280535284
2386,19,1,0.23460492396847143
2387,77,3,0.4223860644931817
2388,37,1,0.7563449577319551
2389,19,1,0.4102241477635187
2390,72,0,0.2522454125932385
2391,64,0,0.8851203355477175
2392,20,2,0.07025527514600483
2393,54,2,0.42810081974945646
2394,33,2,0.12317827685242955
2395,77,0,0.9159361618699938
2396,31,1,0.4182418374885052
2397,77,1,0.9835209709901284
2398,51,2,0.6445490430952616
2399,26,4,0.6895647222156603
2400,54,0,0.6147108466141975
2401,44,1,0.9872034743885559
2402,68,3,0.6841863943164064
2403,74,1,0.7742970122033316
2404,24,1,0.14312483104151685
2405,21,3,0.01813600622952538
2406,55,0,0.402656533074335
2407,34,0,0.32720153462699375
2408,46,0,0.635487183389381
2409,78,4,0.6591642432777491
2410,79,4,0.22912174324896728
2411,24,2,0.7221626255641761
2412,68,1,0.5480857619883871
2413,44,4,0.12415747378507014
2414,57,3,0.7945041373293069
2415,70,4,0.9514306719214821
2416,38,0,0.430051590982065
2417,77,4,0.7165219508657215
2418,78,3,0.15942461638102234
2419,71,3,0.768727836213031
2420,60,4,0.11315195116733912
2421,75,2,0.06154740383299495
2422,80,4,0.39855612753290626
2423,67,4,0.5860260674065297
2424,26,2,0.6914730872718206
2425,70,4,0.8470649982299742
2426,32,4,0.07690371153255626
2427,72,0,0.5073350938645657
2428,39,3,0.3022347889900797
2429,35,2,0.294408016939516
2430,65,2,0.561381379492376
2431,40,2,0.9010045767328919
2432,50,3,0.4549378630521247
2433,47,0,0.17190762148390937
2434,19,2,0.3606053745133655
2435,45,2,0.9887155103576206
2436,35,2,0.512677112766312
2437,53,0,0.6174663960627078
2438,42,4,0.12629371333148143
2439,49,4,0.11103580558214932
2440,27,2,0.3507578149953583
2441,26,1,0.021914324658629525
2442,38,0,0.3593930185631703
2443,18,2,0.40833984194176065
2444,18,4,0.7781572963591458
2445,51,1,0.43615372500880745
2446,20,2,0.014350705344144399
2447,52,0,0.5028241486486761
2448,58,3,0.9142498410750801
2449,65,4,0.04093074345922754
2450,79,3,0.5341334116258357
2451,69,4,0.00016991592867054983
2452,22,2,0.1287664704251158
2453,25,2,0.6953959417812864
2454,70,4,0.44001825984373544
2455,61,1,0.24814548991317742
2456,79,4,0.9065359747436575
2457,75,4,0.5447377078612311
2458,19,1,0.5842031832035399
2459,29,3,0.1281465712304246
2460,62,1,0.5514448017491762
2461,73,3,0.8487516095186959
2462,33,4,0.5287606929492255
2463,42,3,0.6389695961795636
2464,26,1,0.3729511953437873
2465,74,3,0.4035660636192022
2466,21,3,0.0426751084232444
2467,23,4,0.2639064208348646
2468,21,2,0.6555836093267654
2469,61,1,0.8922951104602909
2470,49,4,0.7513763929563433
2471,44,3,0.3129666847463912
2472,39,3,0.9195199901025221
2473,50,2,0.31483297260308796
2474,48,4,0.3770888385751734
2475,56,3,0.016557839404273578
2476,44,3,0.38443661173618904
2477,35,0,0.4301670974669277
2478,49,2,0.09526644003204854
2479,61,3,0.6299238285190901
2480,56,4,0.8917592472748482
2481,60,3,0.3332015028505291
2482,50,3,0.07888238813677462
2483,72,2,0.9791951105104392
2484,57,1,0.5797887532263978
2485,21,0,0.1486686626420053
2486,40,2,0.720776839919442
2487,37,3,0.059258910046309454
2488,59,4,0.245440992745514
2489,23,2,0.8781905400601187
2490,46,4,0.11916003749624204
2491,76,0,0.7310835523309293
2492,44,2,0.6386130831413582
2493,38,0,0.17959966119737714
2494,68,3,0.9407713240287002
2495,35,0,0.15478224590234857
2496,25,0,0.4249649295513037
2497,54,0,0.47467534206943995
2498,22,2,0.713915666736672
2499,22,3,0.5061849429320082
2500,62,2,0.04991298503481578
2501,57,0,0.47978245180187484
2502,35,1,0.8894532967500776
2503,23,4,0.39331993301571233
2504,56,1,0.5827333486702199
2505,31,3,0.6829798168882204
2506,47,1,0.44229840856707625
2507,27,0,0.09464832665662648
2508,71,3,0.06646087029189696
2509,25,3,0.13912376563430606
2510,77,4,0.544417300571381
2511,46,3,0.10958080453653651
2512,74,2,0.4255216267016042
2513,79,4,0.2758038281783668
2514,31,3,0.49929950849445315
2515,34,1,0.5888393969909609
2516,38,3,0.7397513670735194
2517,28,3,0.576432301755517
2518,44,3,0.5673015015360077
2519,34,3,0.3082094511747199
2520,35,4,0.674746711426139
2521,30,3,0.6955355648844685
2522,46,4,0.9361908193728228
2523,74,0,0.8044659007412136
2524,64,0,0.21649476450332494
2525,73,2,0.5114574679030158
2526,52,4,0.16020408987059942
2527,75,1,0.8820848988986955
2528,66,4,0.09407869284184533
2529,36,3,0.6308454980609357
2530,61,4,0.8966257885057528
2531,56,0,0.7306510679816958
2532,68,2,0.8534141295255856
2533,25,3,0.9487948042417317
2534,49,4,0.5654535753220306
2535,71,4,0.6746513685527527
2536,53,2,0.025345634883493617
2537,63,0,0.9101824901366671
2538,34,0,0.34634005714530103
2539,24,3,0.9073425602230079
2540,52,1,0.20631151827787342
2541,36,3,0.7535080950453877
2542,70,0,0.5143658855484463
2543,75,2,0.2978223803166208
2544,73,4,0.5766711652428193
2545,66,4,0.5877788937252382
2546,65,1,0.31075962583040706
2547,32,3,0.5838916576597277
2548,60,2,0.9545477433078842
2549,58,2,0.33377406018230804
2550,33,1,0.3967908414367666
2551,68,2,0.45101662776769424
2552,31,4,0.0525057571798182
2553,28,2,0.910465336646254
2554,58,0,0.08827206700799772
2555,50,3,0.4593068570502499
2556,52,0,0.18969768113561492
2557,78,3,0.30245730353894196
2558,61,4,0.6085740199699854
2559,36,4,0.7383880041499769
2560,71,3,0.20366780737697254
2561,47,4,0.015828359757660504
2562,45,4,0.9212664657875518
2563,26,2,0.7628148787208765
2564,22,0,0.17563684834940108
2565,65,3,0.5568342631343861
2566,50,2,0.30602420028219357
2567,51,4,0.38321688268620246
2568,78,4,0.09723297045029511
2569,44,3,0.7149377589018396
2570,65,3,0.12708136524356262
2571,80,0,0.39554017909937456
2572,41,1,0.39751316669238057
2573,79,0,0.8255538740420097
2574,19,3,0.027072840304739665
2575,57,0,0.3572048247085371
2576,50,1,0.5450344266092008
2577,22,3,0.45259286326203374
2578,78,0,0.029800822243294056
2579,51,3,0.7882415468262128
2580,79,0,0.8843022219986051
2581,79,1,0.7744061639407138
2582,49,2,0.1686305376260564
2583,56,3,0.49585103591559254
2584,68,4,0.6333046732460388
2585,73,1,0.24945910722408549
2586,51,0,0.2537023279299654
2587,18,2,0.7224895524479715
2588,31,4,0.7168743221633671
2589,64,4,0.0443638611812911
2590,39,1,0.10215564514689912
2591,58,1,0.7597133597838468
2592,20,2,0.8353315972584112
2593,25,4,0.5269558331179635
2594,38,0,0.7128386238452965
2595,19,4,0.4695320916492506
2596,42,2,0.4071028881780764
2597,31,0,0.7696470664501242
2598,77,0,0.6266169994179736
2599,49,0,0.5284529848581297
2600,20,4,0.23590341405515947
2601,51,4,0.6571148946050737
2602,19,1,0.7385847114998546
2603,48,0,0.26626940411997146
2604,36,2,0.14729225221473408
2605,72,2,0.7317553384207229
2606,73,3,0.011251430964975717
2607,30,4,0.271343309837352
2608,37,1,0.21612676107433237
2609,79,0,0.9905793411564872
2610,46,4,0.502544553193777
2611,65,0,0.8124213240290873
2612,20,4,0.45918286039279443
2613,39,0,0.9267276891564912
2614,73,1,0.8913553620304246
2615,79,0,0.9159405603621259
2616,52,3,0.11809259132235872
2617,50,2,0.9362747525191766
2618,58,3,0.699864514836406
2619,25,1,0.2884291651550821
2620,40,0,0.6796885496532351
2621,19,1,0.6659990002423103
2622,65,0,0.07882002919800501
2623,75,1,0.736958733922358
2624,41,4,0.866970842522222
2625,70,2,0.6693983227348099
2626,69,1,0.4299626728659204
2627,66,3,0.041576067262495964
2628,55,4,0.23120895522852303
2629,38,1,0.1929226820545713
2630,28,3,0.27374045170901806
2631,67,2,0.22222300453919464
2632,57,4,0.3975943385001508
2633,74,1,0.33305958705713967
2634,33,2,0.22886088165578222
2635,63,2,0.9180766463395992
2636,19,0,0.32518423295085763
2637,22,1,0.6017533111290966
2638,58,0,0.8274376512125053
2639,51,2,0.28055338118641715
2640,49,2,0.708650945048679
2641,71,1,0.05859383929611728
2642,46,2,0.13324477224007714
2643,64,0,0.7912689875409499
2644,42,1,0.5254115300275567
2645,26,1,0.6199182707251416
2646,78,2,0.8283167976358702
2647,18,0,0.4094764187485995
2648,28,3,0.59593231743845
2649,79,1,0.29671569770795636
2650,54,1,0.11187034845106969
2651,36,2,0.24511983529810621
2652,75,0,0.8851389215412887
2653,36,3,0.29736079437815566
2654,76,3,0.13196263427032495
2655,71,0,0.08384848467510886
2656,59,0,0.20664527251536857
2657,53,2,0.05903244003932284
2658,66,4,0.8629975571331594
2659,74,3,0.8160631306272184
2660,44,0,0.7393142889702677
2661,28,4,0.5248098847620066
2662,47,4,0.04061908058964947
2663,44,2,0.07924999554087742
2664,26,4,0.10586728647730703
2665,61,4,0.05000372046597079
2666,65,2,0.12317085343981671
2667,28,2,0.09609917304836912
2668,28,0,0.6524215133936336
2669,20,3,0.5256731694671277
2670,41,1,0.2953677270468269
2671,33,4,0.4522090950578638
2672,77,2,0.5794511574655098
2673,75,1,0.8900054926013683
2674,79,1,0.6256058440288395
2675,75,4,0.7320679060163464
2676,57,3,0.03562508917277307
2677,36,4,0.45496773391152323
2678,28,0,0.9965436756358385
2679,34,1,0.9922682583163095
2680,38,2,0.059770834177768184
2681,31,1,0.5099028080126176
2682,44,0,0.968456711204707
2683,49,1,0.01976475553614454
2684,68,2,0.5708832388855151
2685,39,0,0.8548827901507648
2686,25,1,0.5485427606748425
2687,74,3,0.14362242817889814
2688,74,2,0.40657679754704
2689,34,1,0.5603328809298793
2690,71,3,0.9578804786672784
2691,53,1,0.5093912213021821
2692,22,3,0.26449417988072044
2693,26,3,0.20433063624847625
2694,44,0,0.9554498651839464
2695,19,1,0.13303447826597592
2696,22,4,0.6981512950227421
2697,38,3,0.04182525261799985
2698,73,0,0.2570341491027983
2699,69,1,0.04935647954647604
2700,23,1,0.1611509464660109
2701,74,1,0.566354576776604
2702,63,1,0.01760998095598454
2703,42,3,0.6651508153476945
2704,56,0,0.6918037133196528
2705,21,3,0.738132563882172
2706,32,1,0.8568766647153859
2707,28,3,0.500421325608946
2708,55,0,0.5635233510632642
2709,57,3,0.786053475315069
2710,68,3,0.43939411170781495
2711,29,3,0.8695988223448552
2712,73,1,0.7295896932124231
2713,18,4,0.8802259737130056
2714,51,2,0.6737416270157333
2715,18,3,0.7116202333904871
2716,38,1,0.4581996631194457
2717,41,0,0.17671900668992335
2718,41,4,0.08747588440882581
2719,44,3,0.03194201406047148
2720,72,1,0.2110337919201799
2721,55,3,0.11438076359958249
2722,74,0,0.6582092064103515
2723,21,3,0.37597991186484914
2724,33,3,0.6895143312645831
2725,28,3,0.898322119935047
2726,55,2,0.15928160025813742
2727,76,4,0.14329109441626464
2728,25,1,0.24579085920634902
2729,64,2,0.8655259184111752
2730,63,1,0.819757559906175
2731,57,3,0.9367362238194894
2732,18,0,0.5192956641197137
2733,47,0,0.877577093940635
2734,74,4,0.7411686486776717
2735,58,1,0.136937433111178
2736,37,4,0.8174818419457952
2737,52,2,0.5227728517537825
2738,71,3,0.7858231968033824
2739,52,4,0.5318773388757368
2740,18,2,0.29291565542269604
2741,28,4,0.3195222414215343
2742,73,2,0.7485381929317265
2743,48,1,0.9365854657241528
2744,51,1,0.06543574143431252
2745,43,3,0.23083671062116506
2746,57,4,0.3845638789318647
2747,18,2,0.04132270264500415
2748,71,3,0.37940065781099575
2749,41,2,0.8270673300452722
2750,31,0,0.5505535132109709
2751,61,0,0.2174635197334902
2752,32,4,0.849218028859164
2753,50,2,0.8737193943973852
2754,79,1,0.28680261037479826
2755,29,1,0.8481559095885555
2756,61,1,0.8846655504371269
2757,69,0,0.47409932325532467
2758,60,3,0.6191637808342711
2759,31,4,0.8023313008721268
2760,40,0,0.8972604869682054
2761,71,1,0.6777694552968165
2762,41,3,0.3771246454032545
2763,57,1,0.3916590165572391
2764,46,0,0.1664794027408918
2765,46,1,0.5136682994923824
2766,40,2,0.8159418816145186
2767,39,3,0.4085645297515842
2768,30,0,0.23584359257037935
2769,68,1,0.0357882709059828
2770,70,3,0.8172737721960678
2771,75,3,0.47697712128756553
2772,59,0,0.6867259345198955
2773,39,0,0.8555852063340291
2774,71,4,0.03781803876188028
2775,48,3,0.34332808392368075
2776,39,1,0.08611205879622419
2777,53,0,0.5887044865401034
2778,60,0,0.011480735172816559
2779,46,3,0.3644054600446227
2780,66,3,0.058236412462928544
2781,26,4,0.10922005353026165
2782,64,2,0.03784399125521276
2783,26,3,0.6130906606807
2784,38,4,0.8009660036190619
2785,18,0,0.8643045445131686
2786,29,3,0.7823398378387627
2787,55,0,0.9026688903468469
2788,22,0,0.8023725970510588
2789,63,1,0.2749511230842029
2790,23,4,0.6719478878441283
2791,69,3,0.06847453933641567
2792,47,2,0.5207049298265096
2793,72,2,0.0908875068592121
2794,43,4,0.7435224109549687
2795,78,1,0.13751300316282677
2796,18,1,0.7785893913255109
2797,55,0,0.5114364976977225
2798,36,0,0.4108370512384927
2799,35,1,0.26057264982525963
2800,18,4,0.09405650507737184
2801,71,0,0.12114955766155466
2802,43,1,0.031260047384318757
2803,69,0,0.5370913620937622
2804,80,3,0.186769801162335
2805,67,4,0.9637952228234838
2806,51,2,0.6288093117818816
2807,26,0,0.924825288515102
2808,49,3,0.3954241801585934
2809,77,0,0.6246052948545654
2810,52,1,0.561618588367048
2811,20,2,0.5413449761096883
2812,76,2,0.1562637614709511
2813,39,1,0.092380328246087
2814,26,3,0.6705489071435221
2815,24,3,0.3991154756863483
2816,65,0,0.7224349533854018
2817,70,4,0.9802167724291183
2818,33,1,0.9450553510138501
2819,77,1,0.16299691622050505
2820,25,2,0.7308011032344139
2821,68,1,0.13540733306433872
2822,26,0,0.8194186549153278
2823,36,4,0.9559285803332648
2824,78,4,0.48319597672895187
2825,70,3,0.46433950516489253
2826,67,2,0.17811677632460843
2827,47,0,0.787660438837081
2828,54,3,0.6264001528040127
2829,41,4,0.23066824288253995
2830,18,4,0.46353520547865656
2831,26,2,0.7990023220489169
2832,46,3,0.7727822018911777
2833,60,0,0.6870596032039996
2834,58,3,0.9847805158812718
2835,57,3,0.6637440736116296
2836,66,2,0.3948407670003261
2837,19,0,0.40286355041393185
2838,68,1,0.5854445877759795
2839,38,4,0.8010279654042591
2840,72,2,0.20363154800616812
2841,38,2,0.6323934299218347
2842,62,0,0.5893211915960923
2843,55,3,0.5984621270579502
2844,50,0,0.26800124808752845
2845,64,2,0.27961711634673414
2846,66,0,0.4189391471054561
2847,70,2,0.48176747049121316
2848,52,2,0.6727580220711299
2849,80,0,0.7681827969975945
2850,19,4,0.46978998347719814
2851,67,1,0.8931463270339878
2852,42,1,0.3688633677084272
2853,71,0,0.470230699846758
2854,34,4,0.6172112061654671
2855,78,0,0.0671223953987845
2856,25,0,0.9190743647889849
2857,39,3,0.7312002229222218
2858,35,0,0.06614886587907953
2859,46,4,0.5955245551169086
2860,48,2,0.48538580790854235
2861,20,3,0.13017739223031222
2862,28,2,0.8621482209320444
2863,29,3,0.27278917120779056
2864,80,4,0.3796273907165083
2865,75,0,0.4863895194140401
2866,31,0,0.16503442444958982
2867,80,2,0.4162801970804374
2868,46,2,0.19956693226284572
2869,73,0,0.35270895750611253
2870,80,4,0.4154312214173269
2871,37,4,0.5281855597803535
2872,24,0,0.5242447799419147
2873,41,4,0.7458668441304632
2874,19,2,0.31711800302087145
2875,35,2,0.6224253495130991
2876,50,3,0.16486903514401274
2877,34,1,0.5373242283148932
2878,25,4,0.720613761342207
2879,21,2,0.5362101929077994
2880,58,3,0.8195092014777328
2881,77,2,0.7849430019810578
2882,74,0,0.9928843881953393
2883,53,3,0.5026999132304636
2884,49,4,0.8240738731117542
2885,22,2,0.7215740986632606
2886,48,3,0.37664385623705854
2887,70,2,0.3808759021376772
2888,44,3,0.8999618837358846
2889,61,3,0.6186796959440649
2890,72,1,0.5102029127428218
2891,39,3,0.26495869244658976
2892,80,0,0.5859339066441915
2893,57,3,0.6299335506915357
2894,76,4,0.9196646601595575
2895,25,2,0.4846852741003711
2896,77,0,0.8203542397939287
2897,34,3,0.5243177851432108
2898,58,3,0.2557158766303199
2899,49,4,0.060829490775139994
2900,46,2,0.6377923475228413
2901,46,3,0.9270061251507027
2902,60,1,0.7682734153082486
2903,19,4,0.3257121457737725
2904,48,2,0.6275838770501746
2905,65,0,0.7560031944175364
2906,78,3,0.5656003466274739
2907,70,0,0.6518794642674783
2908,33,3,0.46501524373563985
2909,50,4,0.5138547462782204
2910,19,2,0.5193779663598236
2911,32,2,0.8670053357908588
2912,23,1,0.637541539372853
2913,64,1,0.9685069619929445
2914,50,2,0.7901102914188582
2915,58,4,0.957153784518877
2916,33,1,0.7627945232930665
2917,69,0,0.48766363033364035
2918,43,1,0.5962043451733096
2919,77,0,0.8010424669226296
2920,70,2,0.7716370755402503
2921,46,3,0.6649243414120997
2922,19,0,0.23653745005658777
2923,28,2,0.8115947257302983
2924,56,3,0.9839926670296852
2925,37,3,0.9204994205011772
2926,79,0,0.7133286399296264
2927,43,2,0.4092254820833816
2928,37,4,0.6358766289394235
2929,34,0,0.47147353445643714
2930,18,2,0.6437270463517848
2931,65,1,0.8526133618123287
2932,20,4,0.1521140272953837
2933,58,1,0.9401354539186825
2934,39,1,0.8306725235460851
2935,79,2,0.10956816541345638
2936,50,1,0.5857272418647648
2937,22,3,0.005880942543541989
2938,75,3,0.08460707402399259
2939,51,1,0.6661997942517696
2940,46,2,0.7138121309068685
2941,65,0,0.6152220258526521
2942,72,4,0.8660190562590923
2943,58,1,0.6149949692117174
2944,37,2,0.2839533719394245
2945,80,1,0.14255882747653226
2946,48,3,0.5913342669164624
2947,35,1,0.47917309634631533
2948,22,2,0.4092929330302524
2949,79,4,0.4714370466769633
2950,41,3,0.19351086416620844
2951,25,4,0.27324666011642884
2952,75,0,0.6931566558100855
2953,28,1,0.9260690584601502
2954,23,1,0.8228797710039112
2955,63,4,0.4709191944601899
2956,23,0,0.567288832162409
2957,63,1,0.5359686983605856
2958,18,1,0.4956260827017308
2959,77,2,0.5098577118390063
2960,52,3,0.8648535313372345
2961,67,0,0.4054059333439404
2962,57,0,0.5337670462114824
2963,48,4,0.7212819832252232
2964,73,0,0.27101528823932797
2965,63,4,0.08026977903995658
2966,19,4,0.2331729773166743
2967,65,3,0.5680471912524969
2968,80,0,0.6435649863888208
2969,35,3,0.9114933044910579
2970,41,0,0.020211716412465885
2971,78,1,0.3156413848317924
2972,76,4,0.6025706305940213
2973,32,2,0.8213603559487586
2974,43,0,0.4977181059908209
2975,36,4,0.7815367270791606
2976,39,4,0.30147420716547657
2977,55,4,0.4678339894389998
2978,29,3,0.4882620569003343
2979,74,4,0.6791955787985696
2980,43,4,0.8111993736940044
2981,58,1,0.22559716374634042
2982,47,2,0.9645072883526568
2983,54,0,0.1365328917126699
2984,34,1,0.2681608889002005
2985,69,4,0.10104047214870493
2986,47,0,0.39736514943483625
2987,63,1,0.7954444605082064
2988,75,3,0.24556600637286874
2989,41,3,0.7523215383618234
2990,36,3,0.1086482161061314
2991,68,3,0.27249243970840686
2992,44,2,0.700316363358535
2993,70,0,0.05146430869259766
2994,33,0,0.8023363657463094
2995,19,0,0.6762128920120336
2996,26,2,0.578336623456388
2997,63,0,0.14446609048472492
2998,29,1,0.6474740677007798
2999,61,2,0.7152026870698763
