variant,seed,episode,return,steps,accept_rate,avg_premium,loss_paid_sum,min_capital,final_capital,bankrupt,time_to_ruin,ez_steps,ez_phases,ez_repeats,exploration_steps,exploration_rate
Fixed,14,1,82553.23065957127,500,0.728,377.59890558824435,-51825.456200305045,50000.0,132553.2306595713,0,-1,0,0,0,29,0.058
Fixed,14,2,111599.80343598386,500,0.976,391.73771189666184,-77929.63505654284,50000.0,161599.803435984,0,-1,0,0,0,25,0.05
Fixed,14,3,139196.807705898,500,0.972,392.8000068900026,-50137.74831596008,50000.0,189196.8077058978,0,-1,0,0,0,29,0.058
Fixed,14,4,129639.87010234952,500,0.962,395.30229409172233,-58046.222215765985,50000.0,179639.87010234944,0,-1,0,0,0,15,0.03
Fixed,14,5,79558.37850235128,500,0.968,400.58017413872335,-113418.43241904354,50000.0,129558.37850235128,0,-1,0,0,0,19,0.038
Fixed,14,6,132761.46311113358,500,0.986,401.4336796977215,-64828.27379182142,50000.0,182761.46311113346,0,-1,0,0,0,24,0.048
Fixed,14,7,123636.81110977594,500,0.994,406.4410556557193,-76930.72217796736,50000.0,173636.8111097759,0,-1,0,0,0,24,0.048
Fixed,14,8,69526.71968856597,500,0.99,402.1050597133059,-61431.22932954142,50000.0,119526.71968856602,0,-1,0,0,0,27,0.054
Fixed,14,9,146185.3116316659,500,0.98,393.6065379668255,-45829.71924286893,50000.0,196185.31163166603,0,-1,0,0,0,24,0.048
Fixed,14,10,139472.86853940267,500,0.99,393.1450581415735,-53729.933758006075,50000.0,189472.8685394026,0,-1,0,0,0,25,0.05
Fixed,14,11,138346.8577564984,500,0.996,401.85542986957904,-58499.82080194996,50000.0,188346.85775649842,0,-1,0,0,0,12,0.024
Fixed,14,12,104525.51039651888,500,0.992,398.40162105329574,-90925.3319505563,50000.0,154525.5103965188,0,-1,0,0,0,28,0.056
Fixed,14,13,104995.79341145356,500,0.998,393.00201247450343,-88869.49183240054,50000.0,154995.7934114537,0,-1,0,0,0,20,0.04
Fixed,14,14,110338.49975749511,500,0.974,399.69692837188376,-84313.90435961234,50000.0,160338.499757495,0,-1,0,0,0,24,0.048
Fixed,14,15,110468.51309489313,500,0.988,398.4226813509397,-83996.7985315653,50000.0,160468.51309489337,0,-1,0,0,0,13,0.026
Fixed,14,16,138271.49679751505,500,0.986,399.18946208625005,-57782.14607287733,50000.0,188271.49679751508,0,-1,0,0,0,26,0.052
Fixed,14,17,-1445.1982701024945,500,0.984,395.63903224758985,-195224.56658056594,25789.42314037327,48554.80172989744,0,-1,0,0,0,28,0.056
Fixed,14,18,117713.21930404888,500,0.984,402.03415550061356,-77137.00311225622,50000.0,167713.21930404892,0,-1,0,0,0,31,0.062
Fixed,14,19,144916.5552840768,500,0.988,400.29231599178394,-51895.387563034616,50000.0,194916.55528407675,0,-1,0,0,0,31,0.062
Fixed,14,20,122271.01714584087,500,0.996,398.4658718243181,-74277.24419300363,50000.0,172271.017145841,0,-1,0,0,0,23,0.046
Fixed,14,21,127694.48749195437,500,0.994,394.6961855763641,-67732.83230947191,50000.0,177694.4874919544,0,-1,0,0,0,22,0.044
Fixed,14,22,23427.875535809246,500,0.988,401.2753121312331,-70641.68982635763,50000.0,73427.87553580925,0,-1,0,0,0,25,0.05
Fixed,14,23,92256.96281178092,500,0.978,402.21268780733664,-101312.34365725685,50000.0,142256.96281178092,0,-1,0,0,0,28,0.056
Fixed,14,24,135971.71105303886,500,0.994,384.5843116714201,-51874.201644814624,50000.0,185971.71105303886,0,-1,0,0,0,22,0.044
Fixed,14,25,147199.34480117523,500,0.994,390.80000800529956,-46475.60011589564,50000.0,197199.3448011752,0,-1,0,0,0,17,0.034
Fixed,14,26,103497.96109007335,500,0.972,397.72511053477785,-88740.78388586479,50000.0,153497.96109007334,0,-1,0,0,0,29,0.058
Fixed,14,27,79473.99465501039,500,0.996,400.6562334112374,-117653.29615624451,43150.173425849396,129473.99465501039,0,-1,0,0,0,26,0.052
Fixed,14,28,117305.67780959442,500,0.994,401.72234277514144,-79292.67960438914,50000.0,167305.6778095944,0,-1,0,0,0,23,0.046
Fixed,14,29,117793.15944243222,500,0.972,386.4576185779807,-69536.66394924089,50000.0,167793.1594424322,0,-1,0,0,0,27,0.054
Fixed,14,30,116046.93842839393,500,0.988,386.20243497223026,-74435.69487474582,50000.0,166046.938428394,0,-1,0,0,0,28,0.056
Fixed,14,31,114871.79154290307,500,0.99,388.57778512107,-76076.03212684368,50000.0,164871.791542903,0,-1,0,0,0,27,0.054
Fixed,14,32,136010.96002873592,500,0.986,391.40771506814394,-56527.61873966653,50000.0,186010.96002873583,0,-1,0,0,0,27,0.054
Fixed,14,33,124376.40000632637,500,0.996,402.7389652642859,-74078.17952116199,50000.0,174376.40000632644,0,-1,0,0,0,20,0.04
Fixed,14,34,133138.8459328219,500,0.986,398.44382214691285,-63046.1339982718,50000.0,183138.845932822,0,-1,0,0,0,27,0.054
Fixed,14,35,137302.90867742416,500,0.992,406.84759061278834,-63167.67458173484,50000.0,187302.90867742422,0,-1,0,0,0,26,0.052
Fixed,14,36,126802.64938146052,500,0.986,402.73347797064946,-68391.31223839513,50000.0,176802.6493814605,0,-1,0,0,0,29,0.058
Fixed,14,37,104089.19844990912,500,0.986,400.07140894110256,-86425.74657478888,50000.0,154089.19844990916,0,-1,0,0,0,33,0.066
Fixed,14,38,142971.8910425774,500,0.992,409.4072686424178,-59014.029786536725,50000.0,192971.89104257734,0,-1,0,0,0,34,0.068
Fixed,14,39,111182.5665346472,500,0.988,398.71984556812026,-83522.66198458015,50000.0,161182.56653464737,0,-1,0,0,0,26,0.052
Fixed,14,40,140243.32221909883,500,0.978,390.63558919200625,-48174.72408957971,50000.0,190243.32221909886,0,-1,0,0,0,40,0.08
Fixed,14,41,135085.9520019026,500,0.992,410.0492043312519,-63660.92604314556,50000.0,185085.9520019025,0,-1,0,0,0,25,0.05
Fixed,14,42,110674.87382907092,500,0.992,399.8959768308747,-86557.54021857455,44726.88599493088,160674.873829071,0,-1,0,0,0,28,0.056
Fixed,14,43,103976.94540374447,500,0.976,400.7549266219139,-67264.03551636264,50000.0,153976.94540374444,0,-1,0,0,0,28,0.056
Fixed,14,44,142684.9683463117,500,0.988,398.6178227021144,-52711.73912731429,50000.0,192684.96834631165,0,-1,0,0,0,23,0.046
Fixed,14,45,141757.9331067626,500,0.996,394.17028929813796,-49461.28922864857,50000.0,191757.93310676253,0,-1,0,0,0,24,0.048
Fixed,14,46,134634.21199751337,500,0.996,391.51004770960674,-56917.488552020106,50000.0,184634.2119975133,0,-1,0,0,0,16,0.032
Fixed,14,47,157853.55847881333,500,0.992,404.88630016292296,-41306.827742308036,50000.0,207853.55847881327,0,-1,0,0,0,19,0.038
Fixed,14,48,154967.90344205205,500,0.992,397.5459754572761,-40593.73310740525,50000.0,204967.90344205208,0,-1,0,0,0,29,0.058
Fixed,14,49,134741.4772570987,500,0.994,400.0643951983999,-62570.50381442091,50000.0,184741.4772570988,0,-1,0,0,0,21,0.042
Fixed,14,50,132909.6852078419,500,0.986,408.3318559605983,-67472.53244977922,50000.0,182909.68520784192,0,-1,0,0,0,24,0.048
Fixed,14,51,135350.57005117973,500,0.986,404.3269869251135,-60947.331861651364,50000.0,185350.57005117967,0,-1,0,0,0,32,0.064
Fixed,14,52,140173.65944505887,500,0.988,396.7805747078498,-54244.725412600616,50000.0,190173.65944505896,0,-1,0,0,0,17,0.034
Fixed,14,53,125642.46661194212,500,0.986,402.1598464528639,-70619.66571522725,50000.0,175642.46661194216,0,-1,0,0,0,24,0.048
Fixed,14,54,128913.91932446731,500,0.988,405.52065721311067,-69180.2376723678,50000.0,178913.91932446722,0,-1,0,0,0,27,0.054
Fixed,14,55,106314.37319412893,500,0.968,401.1504213534111,-86462.15383746052,37540.86676284691,156314.37319412886,0,-1,0,0,0,21,0.042
Fixed,14,56,-481671.15763827256,235,0.9744680851063829,408.49782514572144,-275217.1595966428,-131671.15763827268,-131671.15763827268,1,234,0,0,0,14,0.059574468085106386
Fixed,14,57,137920.64006608378,500,0.99,397.34627108525746,-57402.541680968505,50000.0,187920.6400660839,0,-1,0,0,0,27,0.054
Fixed,14,58,93485.09888968655,500,0.996,398.49077115097197,-101299.04622187208,43368.636932334564,143485.0988896865,0,-1,0,0,0,22,0.044
Fixed,14,59,121893.29403302209,500,0.99,402.6949577630168,-74639.80653507721,50000.0,171893.29403302204,0,-1,0,0,0,28,0.056
Fixed,14,60,129185.54331437375,500,0.99,404.7272808344677,-69558.34316356324,50000.0,179185.5433143737,0,-1,0,0,0,31,0.062
Fixed,14,61,149261.76345912018,500,0.994,397.10342897207926,-43315.72952472103,50000.0,199261.7634591202,0,-1,0,0,0,20,0.04
Fixed,14,62,96077.9794045906,500,0.99,377.107882036344,-90024.05933942384,50000.0,146077.9794045906,0,-1,0,0,0,26,0.052
Fixed,14,63,112641.14318430921,500,0.99,379.1086913262955,-74898.56066436216,50000.0,162641.14318430919,0,-1,0,0,0,20,0.04
Fixed,14,64,109331.96063283995,500,0.978,392.3288402869414,-82070.82811699799,50000.0,159331.96063283997,0,-1,0,0,0,29,0.058
Fixed,14,65,137067.56800146698,500,0.98,397.58857869712676,-54558.098122345255,50000.0,187067.5680014669,0,-1,0,0,0,25,0.05
Fixed,14,66,107967.55613271902,500,0.986,387.0580175788601,-80407.66076739291,50000.0,157967.55613271915,0,-1,0,0,0,25,0.05
Fixed,14,67,36125.87228975304,500,0.992,386.7112950105821,-154426.4534649307,28869.496804571652,86125.87228975307,0,-1,0,0,0,29,0.058
Fixed,14,68,139065.94296593562,500,0.992,403.70807380060995,-58821.640891778494,50000.0,189065.9429659357,0,-1,0,0,0,18,0.036
Fixed,14,69,91028.98229433781,500,0.99,392.2488960439509,-94053.57603569086,43890.26785351651,141028.98229433777,0,-1,0,0,0,22,0.044
Fixed,14,70,143567.20011454445,500,0.994,398.21972684649154,-53957.6376693987,50000.0,193567.20011454445,0,-1,0,0,0,15,0.03
Fixed,14,71,99599.70000055936,500,0.99,399.0214220730945,-96423.33078772071,50000.0,149599.7000005593,0,-1,0,0,0,20,0.04
Fixed,14,72,149599.09818463522,500,0.992,399.3427506252643,-47407.17824087198,50000.0,199599.09818463546,0,-1,0,0,0,24,0.048
Fixed,14,73,-12208.287402218817,500,0.95,404.715797647175,-202446.6533513593,24970.6028251939,37791.71259778105,0,-1,0,0,0,22,0.044
Fixed,14,74,76640.00185447819,500,0.99,382.4791965600216,-112595.24654852755,44440.45687439657,126640.00185447818,0,-1,0,0,0,26,0.052
Fixed,14,75,138447.15908292125,500,0.996,392.5172772350081,-56057.81586717236,50000.0,188447.15908292125,0,-1,0,0,0,15,0.03
Fixed,14,76,126447.45616957272,500,0.99,405.9038481240321,-72471.16331826047,50000.0,176447.45616957266,0,-1,0,0,0,23,0.046
Fixed,14,77,121547.16046046006,500,0.992,392.93791093460976,-69144.54904464385,50000.0,171547.16046045994,0,-1,0,0,0,27,0.054
Fixed,14,78,136736.58328944453,500,0.992,380.82258593459284,-51106.71683040688,50000.0,186736.58328944448,0,-1,0,0,0,19,0.038
Fixed,14,79,71307.61966961202,500,0.996,393.7237009925536,-123548.492115998,50000.0,121307.619669612,0,-1,0,0,0,18,0.036
Fixed,14,80,118991.08443934518,500,0.966,392.6360313127253,-66062.35594792002,50000.0,168991.0844393452,0,-1,0,0,0,23,0.046
Fixed,14,81,102390.09058237507,500,0.972,394.2436297557972,-88521.50328605589,50000.0,152390.090582375,0,-1,0,0,0,25,0.05
Fixed,14,82,118159.56706667357,500,0.99,403.33899887547346,-78611.29979602923,50000.0,168159.56706667357,0,-1,0,0,0,26,0.052
Fixed,14,83,138258.81844618585,500,0.992,396.5322670340538,-57822.72126204131,50000.0,188258.8184461859,0,-1,0,0,0,30,0.06
Fixed,14,84,137692.04243799957,500,0.982,400.1539792053083,-56832.54672577408,50000.0,187692.0424379995,0,-1,0,0,0,31,0.062
Fixed,14,85,151322.3982160053,500,0.982,399.87536522327275,-42427.579570708134,50000.0,201322.39821600527,0,-1,0,0,0,33,0.066
Fixed,14,86,135896.81970890996,500,0.978,399.62945623826886,-57408.52533782231,50000.0,185896.81970890998,0,-1,0,0,0,28,0.056
Fixed,14,87,99300.52309067185,500,0.95,402.23579833683215,-90524.29166052482,50000.0,149300.52309067195,0,-1,0,0,0,31,0.062
Fixed,14,88,47453.591857230764,500,0.934,396.5276307651267,-136166.3424282525,20695.758954533332,97453.59185723079,0,-1,0,0,0,18,0.036
Fixed,14,89,109397.17352809709,500,0.994,391.3891426303257,-81295.18221284288,50000.0,159397.17352809696,0,-1,0,0,0,30,0.06
Fixed,14,90,129792.31784176071,500,0.984,399.0170806491278,-64444.17620169917,50000.0,179792.31784176064,0,-1,0,0,0,20,0.04
Fixed,14,91,133162.692345001,500,0.99,400.0783916617885,-62621.741018877365,50000.0,183162.692345001,0,-1,0,0,0,21,0.042
Fixed,14,92,122624.92760896677,500,0.99,396.77010894447864,-72149.51502796082,50000.0,172624.92760896683,0,-1,0,0,0,25,0.05
Fixed,14,93,135610.3698599734,500,0.994,399.7875340709264,-60223.30583037831,50000.0,185610.3698599734,0,-1,0,0,0,20,0.04
Fixed,14,94,143214.96665597765,500,0.99,400.9931397900437,-54761.013075584204,50000.0,193214.96665597768,0,-1,0,0,0,32,0.064
Fixed,14,95,127950.40129842324,500,0.994,397.55735289211003,-68025.65578059386,50000.0,177950.40129842324,0,-1,0,0,0,18,0.036
Fixed,14,96,126363.4779070388,500,0.996,396.125308659182,-68560.53690369189,50000.0,176363.47790703873,0,-1,0,0,0,20,0.04
Fixed,14,97,132961.13581338455,500,0.994,396.75574277056535,-63234.742588003784,50000.0,182961.13581338446,0,-1,0,0,0,27,0.054
Fixed,14,98,94606.46102820331,500,0.984,389.0658598265997,-91621.93875213765,50000.0,144606.4610282033,0,-1,0,0,0,25,0.05
Fixed,14,99,106424.9493206984,500,0.986,391.2397646826615,-83915.18572141347,50000.0,156424.94932069827,0,-1,0,0,0,25,0.05
Fixed,14,100,114548.59462902496,500,0.988,383.71417593955994,-74100.49292973847,50000.0,164548.59462902488,0,-1,0,0,0,31,0.062
Fixed,14,101,131432.96400749055,500,0.992,401.3629124895219,-67178.95269158314,50000.0,181432.96400749066,0,-1,0,0,0,22,0.044
Fixed,14,102,111527.23217168602,500,0.982,394.1906389801662,-80798.22719585132,50000.0,161527.2321716861,0,-1,0,0,0,33,0.066
Fixed,14,103,114665.29466307232,500,0.994,398.4466883738036,-82725.2641552556,50000.0,164665.29466307227,0,-1,0,0,0,29,0.058
Fixed,14,104,150587.59698462536,500,0.988,405.8485909270854,-47343.89107531089,50000.0,200587.5969846254,0,-1,0,0,0,29,0.058
Fixed,14,105,124507.41378001824,500,0.99,405.56526252380525,-71884.0781296829,50000.0,174507.4137800183,0,-1,0,0,0,29,0.058
Fixed,14,106,123060.74141662,500,0.99,396.3305140476034,-71124.25146401687,50000.0,173060.74141662006,0,-1,0,0,0,29,0.058
Fixed,14,107,143347.23075132642,500,1.0,409.88400964832306,-56371.54862499334,50000.0,193347.23075132634,0,-1,0,0,0,19,0.038
Fixed,14,108,39939.551910146685,500,0.994,396.3790816138208,-154683.68563899287,45812.517754165674,89939.55191014678,0,-1,0,0,0,28,0.056
Fixed,14,109,114182.97450757654,500,0.994,396.05875914917146,-67578.04255519503,50000.0,164182.9745075765,0,-1,0,0,0,25,0.05
Fixed,14,110,76748.3526906609,500,0.998,399.8188453131544,-121514.34264676727,50000.0,126748.35269066093,0,-1,0,0,0,26,0.052
Fixed,14,111,143059.51598496415,500,0.99,396.221422413142,-52442.87003324328,50000.0,193059.51598496415,0,-1,0,0,0,19,0.038
Fixed,14,112,130054.23751588244,500,0.992,400.24275116093696,-67158.27081443623,50000.0,180054.2375158824,0,-1,0,0,0,31,0.062
Fixed,14,113,150028.462209683,500,0.986,403.172422145975,-48164.494510502416,50000.0,200028.4622096831,0,-1,0,0,0,23,0.046
Fixed,14,114,104120.64279259532,500,0.994,389.5983977653611,-45390.8349826026,50000.0,154120.64279259532,0,-1,0,0,0,23,0.046
Fixed,14,115,143807.15574172657,500,0.99,397.7600087888313,-52523.5900470637,50000.0,193807.15574172648,0,-1,0,0,0,22,0.044
Fixed,14,116,109197.01701685162,500,0.99,396.7725312204072,-83316.57026793636,50000.0,159197.0170168517,0,-1,0,0,0,30,0.06
Fixed,14,117,133283.87123154983,500,0.998,401.2649376416254,-61396.31044191502,50000.0,183283.8712315498,0,-1,0,0,0,27,0.054
Fixed,14,118,128073.70017954809,500,0.992,398.6637185206336,-68714.76808753272,50000.0,178073.7001795482,0,-1,0,0,0,19,0.038
Fixed,14,119,130875.30405899003,500,0.996,399.61928572137674,-64939.50920603093,50000.0,180875.30405898998,0,-1,0,0,0,21,0.042
Fixed,14,120,135352.12447215835,500,0.99,395.21859369470616,-59104.204073197914,50000.0,185352.12447215835,0,-1,0,0,0,18,0.036
Fixed,14,121,133478.37453031345,500,0.986,398.3253631998027,-61040.4949676985,50000.0,183478.37453031357,0,-1,0,0,0,33,0.066
Fixed,14,122,13274.279895041956,500,0.992,393.3274264950906,-179204.45736645872,50000.0,63274.279895041924,0,-1,0,0,0,17,0.034
Fixed,14,123,139266.6323474146,500,0.988,399.5376605939286,-55288.14768396043,50000.0,189266.63234741453,0,-1,0,0,0,18,0.036
Fixed,14,124,120708.01262923378,500,0.986,399.0766812608885,-70556.56439496111,50000.0,170708.0126292337,0,-1,0,0,0,34,0.068
Fixed,14,125,141782.6853401751,500,0.994,406.44105518559815,-59472.78845216948,50000.0,191782.68534017503,0,-1,0,0,0,25,0.05
Fixed,14,126,116167.07997179391,500,0.984,396.0780554631861,-76419.65178190939,50000.0,166167.07997179386,0,-1,0,0,0,27,0.054
Fixed,14,127,102656.87482665623,500,0.99,396.89940198936847,-89411.98282461059,50000.0,152656.87482665628,0,-1,0,0,0,24,0.048
Fixed,14,128,136371.0167706406,500,0.99,392.68768465735695,-55663.295004527594,50000.0,186371.01677064053,0,-1,0,0,0,26,0.052
Fixed,14,129,142158.1618916636,500,0.99,397.9474827467793,-49000.734199052335,50000.0,192158.16189166362,0,-1,0,0,0,33,0.066
Fixed,14,130,125203.35757726007,500,0.994,394.7227440753453,-61144.1647750926,50000.0,175203.35757725994,0,-1,0,0,0,23,0.046
Fixed,14,131,143131.89601975356,500,0.988,398.6591179650805,-52264.81262856641,50000.0,193131.89601975365,0,-1,0,0,0,21,0.042
Fixed,14,132,146694.23944812614,500,0.996,396.550207351585,-49374.37753656811,50000.0,196694.23944812623,0,-1,0,0,0,21,0.042
Fixed,14,133,68881.91949103754,500,0.992,403.92662172452094,-129986.24219981454,50000.0,118881.91949103755,0,-1,0,0,0,26,0.052
Fixed,14,134,128961.82864054435,500,0.988,393.1854326676743,-63729.944468991234,50000.0,178961.82864054438,0,-1,0,0,0,21,0.042
Fixed,14,135,64467.151827277645,500,0.992,396.1330710601422,-130237.43557632754,50000.0,114467.15182727767,0,-1,0,0,0,25,0.05
Fixed,14,136,98430.37389850216,500,0.992,387.45000493334186,-90233.97225877912,50000.0,148430.3738985022,0,-1,0,0,0,30,0.06
Fixed,14,137,136454.5855724421,500,0.994,398.60362990953075,-59102.446145359056,50000.0,186454.58557244207,0,-1,0,0,0,22,0.044
Fixed,14,138,136988.1884707197,500,0.986,396.0081208076245,-57555.371484781994,50000.0,186988.18847071988,0,-1,0,0,0,38,0.076
Fixed,14,139,145019.05019329712,500,0.99,399.1733413050873,-51664.63297848854,50000.0,195019.05019329715,0,-1,0,0,0,24,0.048
Fixed,14,140,142995.20790862595,500,0.99,400.9785944591869,-52784.65080795714,50000.0,192995.20790862612,0,-1,0,0,0,21,0.042
Fixed,14,141,113537.79602177403,500,0.996,395.2313326075374,-81438.26161002183,50000.0,163537.79602177415,0,-1,0,0,0,22,0.044
Fixed,14,142,114077.28617110642,500,0.994,398.262383350664,-82265.19526246013,50000.0,164077.2861711064,0,-1,0,0,0,26,0.052
Fixed,14,143,132808.88078095045,500,1.0,393.1288076810837,-61676.19728749008,50000.0,182808.8807809506,0,-1,0,0,0,19,0.038
Fixed,14,144,139243.50885598655,500,0.994,400.9827051824727,-57533.66575548463,50000.0,189243.50885598644,0,-1,0,0,0,22,0.044
Fixed,14,145,104582.57357608901,500,0.936,396.85128926619507,-80120.7168108875,50000.0,154582.57357608905,0,-1,0,0,0,29,0.058
Fixed,14,146,100967.81546744314,500,0.988,390.5902904913976,-89306.84217145859,50000.0,150967.81546744317,0,-1,0,0,0,18,0.036
Fixed,14,147,140460.451972914,500,0.984,398.68293508475386,-54631.98909241454,50000.0,190460.45197291396,0,-1,0,0,0,21,0.042
Fixed,14,148,140837.09842688893,500,0.994,405.54286520150106,-59274.74632624604,50000.0,190837.09842688902,0,-1,0,0,0,20,0.04
Fixed,14,149,140257.78363287676,500,0.99,405.2961710611979,-57089.77704576407,50000.0,190257.7836328768,0,-1,0,0,0,27,0.054
Fixed,14,150,122148.08185847063,500,0.992,399.00646002061904,-73430.06405174297,50000.0,172148.0818584706,0,-1,0,0,0,29,0.058
Fixed,14,151,134153.205460798,500,0.99,400.90990750476567,-58441.77190196171,50000.0,184153.20546079794,0,-1,0,0,0,29,0.058
Fixed,14,152,136632.6103046341,500,0.99,396.1398063033518,-57089.18626625072,50000.0,186632.61030463403,0,-1,0,0,0,29,0.058
Fixed,14,153,134311.79562049545,500,0.992,392.4814585149288,-58414.74455422471,50000.0,184311.79562049548,0,-1,0,0,0,26,0.052
Fixed,14,154,88981.90379048763,500,0.962,396.0141437683185,-100994.08661269823,50000.0,138981.90379048756,0,-1,0,0,0,23,0.046
Fixed,14,155,142285.77538026156,500,0.994,394.4426629653639,-50495.24005550022,50000.0,192285.7753802616,0,-1,0,0,0,22,0.044
Fixed,14,156,107872.37578988676,500,0.988,389.31255638551136,-78664.78705616992,50000.0,157872.37578988678,0,-1,0,0,0,28,0.056
Fixed,14,157,154002.1084730784,500,0.99,414.63031391663986,-50708.27828621604,50000.0,204002.10847307835,0,-1,0,0,0,34,0.068
Fixed,14,158,120873.24562960186,500,0.974,395.44641372751164,-70278.7788389484,50000.0,170873.24562960202,0,-1,0,0,0,30,0.06
Fixed,14,159,137437.75164121992,500,0.986,404.6142070269246,-57467.41771822936,50000.0,187437.75164121992,0,-1,0,0,0,29,0.058
Fixed,14,160,143560.5056542414,500,0.994,408.9867298982033,-52638.66081524618,50000.0,193560.5056542413,0,-1,0,0,0,27,0.054
Fixed,14,161,141130.39382549055,500,0.986,408.49574899866906,-58207.2178225405,50000.0,191130.39382549035,0,-1,0,0,0,26,0.052
Fixed,14,162,126086.44396766635,500,0.994,389.2845132816246,-66566.92878228035,50000.0,176086.44396766645,0,-1,0,0,0,30,0.06
Fixed,14,163,141977.9054132985,500,0.98,396.15429271094655,-50099.756950038754,50000.0,191977.90541329826,0,-1,0,0,0,30,0.06
Fixed,14,164,94162.57403214271,500,0.984,395.7365924226559,-96136.61028462743,50000.0,144162.57403214273,0,-1,0,0,0,24,0.048
Fixed,14,165,127068.41240938567,500,0.992,400.39758938070264,-69754.35360870855,50000.0,177068.41240938567,0,-1,0,0,0,26,0.052
Fixed,14,166,81718.80160601586,500,0.982,403.38004895286014,-114328.76713991599,50000.0,131718.80160601586,0,-1,0,0,0,32,0.064
Fixed,14,167,111407.44369795892,500,0.988,389.6566874314899,-80446.50867988984,50000.0,161407.443697959,0,-1,0,0,0,21,0.042
Fixed,14,168,133295.37241679445,500,0.996,390.8136625739944,-59982.21834628143,50000.0,183295.37241679445,0,-1,0,0,0,23,0.046
Fixed,14,169,131125.57552695155,500,0.998,398.1418911679713,-65125.67490399186,50000.0,181125.5755269515,0,-1,0,0,0,22,0.044
Fixed,14,170,120249.5478818024,500,0.992,382.97097429537,-68512.41961136325,50000.0,170249.54788180225,0,-1,0,0,0,29,0.058
Fixed,14,171,140380.31931511877,500,0.998,401.8709506873855,-57234.665965283435,50000.0,190380.31931511886,0,-1,0,0,0,25,0.05
Fixed,14,172,124026.3687514253,500,0.996,403.7421772058709,-74730.96229487777,50000.0,174026.36875142527,0,-1,0,0,0,31,0.062
Fixed,14,173,134902.27315843565,500,0.984,399.41545496820436,-58742.359597237795,50000.0,184902.27315843574,0,-1,0,0,0,28,0.056
Fixed,14,174,119975.83124023992,500,0.984,395.04797480261425,-73932.76320601763,50000.0,169975.83124023982,0,-1,0,0,0,24,0.048
Fixed,14,175,118220.467228308,500,0.994,392.4032257999213,-76148.1890886706,50000.0,168220.46722830794,0,-1,0,0,0,25,0.05
Fixed,14,176,98837.61060690835,500,0.992,395.5330712612598,-96216.56498264425,50000.0,148837.6106069084,0,-1,0,0,0,22,0.044
Fixed,14,177,89006.61964922045,500,0.982,383.6847309502953,-97182.65589384765,50000.0,139006.6196492206,0,-1,0,0,0,27,0.054
Fixed,14,178,111525.33239995582,500,0.972,384.8444504934083,-74756.52479342221,50000.0,161525.33239995586,0,-1,0,0,0,30,0.06
Fixed,14,179,133796.38924367397,500,0.994,404.00805649287264,-59140.315087708026,50000.0,183796.3892436741,0,-1,0,0,0,18,0.036
Fixed,14,180,136872.02966340692,500,0.986,402.5557900152148,-60686.237070065305,50000.0,186872.029663407,0,-1,0,0,0,30,0.06
Fixed,14,181,101141.03861151394,500,0.986,390.4827651319833,-90914.72567137169,50000.0,151141.03861151388,0,-1,0,0,0,34,0.068
Fixed,14,182,93324.73947930968,500,0.996,382.4305282634904,-96505.80209872039,50000.0,143324.73947930965,0,-1,0,0,0,28,0.056
Fixed,14,183,146084.85598029796,500,0.982,403.8729214813947,-51638.26774331446,50000.0,196084.85598029796,0,-1,0,0,0,25,0.05
Fixed,14,184,153727.7109713601,500,0.992,389.43145844340324,-37174.02606137599,50000.0,203727.71097136007,0,-1,0,0,0,26,0.052
Fixed,14,185,146120.19916779894,500,0.998,402.7254600142668,-51561.00578538,50000.0,196120.19916779886,0,-1,0,0,0,15,0.03
Fixed,14,186,144390.04775647464,500,0.992,395.9854922236935,-50592.524513586635,50000.0,194390.0477564747,0,-1,0,0,0,22,0.044
Fixed,14,187,129863.26466590932,500,0.986,400.70913655279134,-66773.35954825507,50000.0,179863.26466590923,0,-1,0,0,0,28,0.056
Fixed,14,188,149910.81122977028,500,0.99,390.89131879710186,-42996.00294714586,50000.0,199910.81122977022,0,-1,0,0,0,34,0.068
Fixed,14,189,134117.73973070594,500,0.986,397.87505809192,-59417.50410783098,50000.0,184117.73973070583,0,-1,0,0,0,32,0.064
Fixed,14,190,102248.7250237061,500,0.992,388.7725866552322,-46136.69984727437,50000.0,152248.72502370618,0,-1,0,0,0,28,0.056
Fixed,14,191,138653.59906762475,500,0.988,390.0769296783185,-53783.3164172764,50000.0,188653.5990676247,0,-1,0,0,0,29,0.058
Fixed,14,192,129048.22560445646,500,0.986,391.18134407581226,-61762.17776878627,50000.0,179048.2256044564,0,-1,0,0,0,19,0.038
Fixed,14,193,130833.33043984752,500,0.994,392.7307933158798,-62795.84053385211,50000.0,180833.3304398474,0,-1,0,0,0,26,0.052
Fixed,14,194,111139.69905715702,500,0.95,394.8597965601871,-74228.28966448702,44097.892717652096,161139.69905715695,0,-1,0,0,0,24,0.048
Fixed,14,195,135910.24246369197,500,0.992,399.1330714639156,-58913.89214639998,50000.0,185910.24246369197,0,-1,0,0,0,24,0.048
Fixed,14,196,139047.3786844246,500,0.986,405.9407799993519,-58734.46552224844,50000.0,189047.37868442448,0,-1,0,0,0,20,0.04
Fixed,14,197,140387.80468471412,500,0.99,404.5996053098428,-58682.731768046964,50000.0,190387.80468471404,0,-1,0,0,0,16,0.032
Fixed,14,198,94741.21905939901,500,0.992,396.0685567923131,-101070.50752831915,50000.0,144741.21905939898,0,-1,0,0,0,30,0.06
Fixed,14,199,122880.39582692645,500,0.982,384.45784735048375,-63204.856988973836,50000.0,172880.3958269264,0,-1,0,0,0,35,0.07
Fixed,14,200,95023.39730676876,500,0.926,402.7101614016951,-91106.183564395,50000.0,145023.39730676863,0,-1,0,0,0,27,0.054
Fixed,14,201,124310.24829450692,500,0.984,392.81138977771855,-67678.0979817799,50000.0,174310.24829450686,0,-1,0,0,0,29,0.058
Fixed,14,202,150948.16958022886,500,0.984,398.27317832155927,-44148.521594431804,50000.0,200948.1695802289,0,-1,0,0,0,32,0.064
Fixed,14,203,70252.94925635132,500,0.95,381.12421698620443,-108519.18528215517,50000.0,120252.94925635132,0,-1,0,0,0,27,0.054
Fixed,14,204,-624380.9324967433,256,0.98828125,400.59921861919963,-425732.5348074008,-274380.9324967432,-274380.9324967432,1,255,0,0,0,15,0.05859375
Fixed,14,205,126899.50195390264,500,0.986,399.4831728509667,-66097.4717586382,50000.0,176899.50195390265,0,-1,0,0,0,26,0.052
Fixed,14,206,131048.01664097996,500,0.982,394.8097822797274,-62221.96280326275,50000.0,181048.01664097983,0,-1,0,0,0,31,0.062
Fixed,14,207,87431.21696617454,500,0.934,389.2274138279084,-85994.67218885219,50000.0,137431.2169661745,0,-1,0,0,0,29,0.058
Fixed,14,208,118754.68325698398,500,0.986,400.87384268526614,-76441.81260516767,50000.0,168754.68325698393,0,-1,0,0,0,30,0.06
Fixed,14,209,112244.22988848215,500,0.984,395.1512268267996,-79402.5315765475,50000.0,162244.22988848208,0,-1,0,0,0,31,0.062
Fixed,14,210,135273.79741241236,500,0.992,399.0524281446011,-61533.97520946064,50000.0,185273.7974124123,0,-1,0,0,0,22,0.044
Fixed,14,211,141430.9304723069,500,0.986,404.81785878883653,-57558.411623448,50000.0,191430.93047230676,0,-1,0,0,0,28,0.056
Fixed,14,212,82122.64737152234,500,0.998,395.4268617601337,-114142.69381188236,32104.33756627031,132122.6473715223,0,-1,0,0,0,21,0.042
Fixed,14,213,141585.10398864964,500,0.99,394.8420287633183,-53268.66832697986,50000.0,191585.1039886496,0,-1,0,0,0,21,0.042
Fixed,14,214,108186.5044383821,500,0.98,396.24653796565775,-84202.47647612297,50000.0,158186.50443838205,0,-1,0,0,0,25,0.05
Fixed,14,215,101829.0068896748,500,0.978,397.9419304841866,-91753.39996531996,50000.0,151829.00688967475,0,-1,0,0,0,25,0.05
Fixed,14,216,140866.67794236128,500,0.982,397.2855473497006,-52495.170065528495,50000.0,190866.67794236128,0,-1,0,0,0,23,0.046
Fixed,14,217,131975.68181746494,500,0.992,406.01210699254466,-65514.188774484384,50000.0,181975.68181746482,0,-1,0,0,0,29,0.058
Fixed,14,218,128047.18072515813,500,0.996,405.5341459565373,-71635.06717195454,50000.0,178047.18072515816,0,-1,0,0,0,24,0.048
Fixed,14,219,114316.55243643178,500,0.986,401.41583017790293,-82103.63786466229,50000.0,164316.55243643193,0,-1,0,0,0,29,0.058
Fixed,14,220,125317.72087087257,500,0.986,382.3472674149287,-61845.10449232741,50000.0,175317.72087087258,0,-1,0,0,0,25,0.05
Fixed,14,221,135363.3442098281,500,0.984,391.2577306381086,-55621.217678877365,50000.0,185363.34420982798,0,-1,0,0,0,22,0.044
Fixed,14,222,128688.72767173722,500,0.992,401.3314598827593,-68302.58955531823,50000.0,178688.7276717372,0,-1,0,0,0,23,0.046
Fixed,14,223,138554.06225580804,500,0.984,397.20244697923584,-55961.40056656491,50000.0,188554.06225580804,0,-1,0,0,0,24,0.048
Fixed,14,224,121001.06558286973,500,0.988,397.0566878540796,-73787.02181316676,50000.0,171001.0655828698,0,-1,0,0,0,24,0.048
Fixed,14,225,97934.80818684398,500,0.97,391.7666046919282,-89646.84582352584,50000.0,147934.80818684408,0,-1,0,0,0,30,0.06
Fixed,14,226,118602.4731068071,500,0.99,401.56041200714884,-79015.90775346446,50000.0,168602.47310680713,0,-1,0,0,0,22,0.044
Fixed,14,227,159630.88871533814,500,0.992,411.13710672240103,-42991.11311672055,50000.0,209630.88871533817,0,-1,0,0,0,29,0.058
Fixed,14,228,123765.45324460146,500,0.97,407.7699056104286,-67489.35125060935,50000.0,173765.4532446014,0,-1,0,0,0,21,0.042
Fixed,14,229,141521.1965466621,500,0.988,399.7951504991122,-54347.21478104166,50000.0,191521.19654666213,0,-1,0,0,0,30,0.06
Fixed,14,230,134817.17086241976,500,0.984,393.191065172839,-56998.722345158174,50000.0,184817.1708624198,0,-1,0,0,0,21,0.042
Fixed,14,231,102980.65311943297,500,0.988,391.6550683627727,-88105.92354615366,34592.105696218976,152980.6531194331,0,-1,0,0,0,29,0.058
Fixed,14,232,107195.56829113948,500,0.956,397.1272041657979,-82322.31728401822,50000.0,157195.56829113959,0,-1,0,0,0,36,0.072
Fixed,14,233,136956.33885527952,500,0.984,407.18374967962745,-61949.18706141293,50000.0,186956.33885527952,0,-1,0,0,0,32,0.064
Fixed,14,234,125358.38958493635,500,0.994,404.4402506068439,-74939.55715701946,50000.0,175358.38958493626,0,-1,0,0,0,25,0.05
Fixed,14,235,89697.92903065881,500,0.994,380.4330028518585,-98166.74332017721,50000.0,139697.92903065874,0,-1,0,0,0,16,0.032
Fixed,14,236,132139.87429643766,500,0.986,392.4770873903503,-59720.22194754203,50000.0,182139.8742964376,0,-1,0,0,0,29,0.058
Fixed,14,237,108017.07686849569,500,0.992,395.94516831251883,-86404.02669464653,50000.0,158017.07686849576,0,-1,0,0,0,29,0.058
Fixed,14,238,126872.68400937069,500,0.984,398.9772427314665,-68306.02994855879,50000.0,176872.68400937057,0,-1,0,0,0,30,0.06
Fixed,14,239,109101.14977403232,500,0.998,389.8813689323609,-84581.43923141017,50000.0,159101.1497740323,0,-1,0,0,0,23,0.046
Fixed,14,240,111154.56066059116,500,0.996,375.74699330712895,-73911.8922980171,50000.0,161154.56066059106,0,-1,0,0,0,21,0.042
Fixed,14,241,86112.01464576564,500,0.954,383.33669383270933,-94346.46390904317,50000.0,136112.01464576565,0,-1,0,0,0,26,0.052
Fixed,14,242,132102.62939183722,500,0.992,392.69597428364136,-62114.41079383758,50000.0,182102.62939183722,0,-1,0,0,0,25,0.05
Fixed,14,243,112870.96808441092,500,0.968,384.51983948285914,-72034.05376196539,50000.0,162870.96808441108,0,-1,0,0,0,26,0.052
Fixed,14,244,130489.20941208371,500,0.986,399.5659312998789,-65334.17299157523,50000.0,180489.20941208373,0,-1,0,0,0,22,0.044
Fixed,14,245,134163.11599087357,500,0.988,386.08097769663885,-55284.89725076989,50000.0,184163.11599087357,0,-1,0,0,0,27,0.054
Fixed,14,246,51025.20957024712,500,0.988,384.93927775703463,-137759.9981629835,50000.0,101025.20957024708,0,-1,0,0,0,24,0.048
Fixed,14,247,141406.07674386213,500,0.996,401.7815343309119,-57730.38186966406,50000.0,191406.0767438623,0,-1,0,0,0,24,0.048
Fixed,14,248,132408.51023553289,500,0.994,390.5859233320839,-59399.216361802595,50000.0,182408.51023553294,0,-1,0,0,0,24,0.048
Fixed,14,249,-619801.3773838901,56,0.9821428571428571,396.27637042999265,-341596.57775753964,-269801.37738389004,-269801.37738389004,1,55,0,0,0,3,0.05357142857142857
Fixed,14,250,124335.34379368143,500,0.98,393.9069474998785,-66222.0878930806,50000.0,174335.34379368144,0,-1,0,0,0,17,0.034
Fixed,14,251,99883.11673127214,500,0.988,379.0089122930519,-84992.34343090969,50000.0,149883.1167312721,0,-1,0,0,0,21,0.042
Fixed,14,252,133973.13990251333,500,0.99,394.6505117435648,-60309.96331478457,50000.0,183973.13990251318,0,-1,0,0,0,27,0.054
Fixed,14,253,142843.35513460552,500,0.996,394.02410391344125,-52620.82752766473,50000.0,192843.3551346055,0,-1,0,0,0,23,0.046
Fixed,14,254,135861.8665383497,500,0.97,399.1109366682387,-55856.72487165505,50000.0,185861.86653834963,0,-1,0,0,0,25,0.05
Fixed,14,255,103523.953804555,500,0.98,392.1649045788512,-80028.74833846776,50000.0,153523.95380455488,0,-1,0,0,0,32,0.064
Fixed,14,256,104401.78010809762,500,0.986,395.5894590052823,-89451.3074756149,50000.0,154401.78010809753,0,-1,0,0,0,24,0.048
Fixed,14,257,130498.44423877918,500,0.988,388.7846212473958,-59886.081615680894,50000.0,180498.4442387793,0,-1,0,0,0,21,0.042
Fixed,14,258,143928.49044044726,500,0.99,393.8844523189044,-49154.29347965683,50000.0,193928.49044044723,0,-1,0,0,0,24,0.048
Fixed,14,259,142865.2179440161,500,0.992,399.2048467993736,-54366.57671162174,50000.0,192865.21794401619,0,-1,0,0,0,19,0.038
Fixed,14,260,121564.92576195145,500,0.988,391.76357016968825,-68699.97885363466,50000.0,171564.92576195137,0,-1,0,0,0,26,0.052
Fixed,14,261,102780.17538339493,500,0.966,400.5383105189164,-89216.81319489125,50000.0,152780.17538339493,0,-1,0,0,0,28,0.056
Fixed,14,262,130941.80232916825,500,0.992,391.8153300237271,-60303.56594611407,50000.0,180941.80232916833,0,-1,0,0,0,27,0.054
Fixed,14,263,128476.29835707012,500,0.994,386.0016144775529,-61523.325923049335,50000.0,178476.29835707,0,-1,0,0,0,26,0.052
Fixed,14,264,142713.5010706867,500,0.988,399.10446240930906,-52792.482824262464,50000.0,192713.5010706868,0,-1,0,0,0,23,0.046
Fixed,14,265,133943.08149848616,500,0.992,389.33871677037206,-57906.44344192196,50000.0,183943.08149848616,0,-1,0,0,0,18,0.036
Fixed,14,266,126905.63481325151,500,0.992,398.5137175658057,-66190.0441687427,50000.0,176905.6348132517,0,-1,0,0,0,32,0.064
Fixed,14,267,125749.08209652395,500,0.986,397.3663359578193,-68055.68883399172,50000.0,175749.08209652375,0,-1,0,0,0,17,0.034
Fixed,14,268,136211.60891137144,500,0.982,403.9731243632719,-60872.12117789943,50000.0,186211.60891137132,0,-1,0,0,0,27,0.054
Fixed,14,269,90470.25628855963,500,0.992,387.7362973834238,-100682.85249171712,50000.0,140470.25628855958,0,-1,0,0,0,29,0.058
Fixed,14,270,118510.23664243089,500,0.984,400.2349679247151,-77619.18897263934,50000.0,168510.2366424308,0,-1,0,0,0,30,0.06
Fixed,14,271,132348.98374617795,500,0.994,390.1054402760097,-60378.82594728455,50000.0,182348.98374617795,0,-1,0,0,0,27,0.054
Fixed,14,272,126384.61269097858,500,0.99,400.5834430386322,-71420.61552922172,48649.52005383119,176384.61269097854,0,-1,0,0,0,20,0.04
Fixed,14,273,134851.46535745345,500,0.986,398.8146132368587,-60528.74461772618,50000.0,184851.46535745353,0,-1,0,0,0,18,0.036
Fixed,14,274,-21819696.445080083,247,0.9838056680161943,403.4222318802351,-21617728.04742698,-21469696.445080083,-21469696.445080083,1,246,0,0,0,18,0.0728744939271255
Fixed,14,275,153157.1820349422,500,0.982,385.8949143978826,-35313.04915315426,50000.0,203157.1820349424,0,-1,0,0,0,26,0.052
Fixed,14,276,144085.2735823606,500,0.986,386.4957469123856,-45133.61259521439,50000.0,194085.27358236065,0,-1,0,0,0,27,0.054
Fixed,14,277,137396.87377364963,500,0.982,401.3784197517908,-56987.23615078179,50000.0,187396.8737736498,0,-1,0,0,0,27,0.054
Fixed,14,278,123658.99581728812,500,0.99,409.3260712623596,-78327.75635425065,50000.0,173658.99581728815,0,-1,0,0,0,21,0.042
Fixed,14,279,133374.35373569073,500,0.994,395.07043003316375,-62325.398693947296,50000.0,183374.3537356908,0,-1,0,0,0,22,0.044
Fixed,14,280,118396.68254498036,500,0.992,394.9677497302332,-76182.34574467137,50000.0,168396.68254498043,0,-1,0,0,0,24,0.048
Fixed,14,281,128691.10480223692,500,0.976,387.64098919805934,-58885.42320689042,50000.0,178691.10480223695,0,-1,0,0,0,25,0.05
Fixed,14,282,120883.10314884175,500,0.986,387.2608583142743,-67331.15790547796,50000.0,170883.10314884174,0,-1,0,0,0,26,0.052
Fixed,14,283,-377973.269597652,96,0.9895833333333334,372.42105486016527,-113353.2698093677,-27973.26959765202,-27973.26959765202,1,95,0,0,0,5,0.052083333333333336
Fixed,14,284,140070.9181906961,500,0.986,392.0551793309303,-47853.85738681973,50000.0,190070.91819069613,0,-1,0,0,0,24,0.048
Fixed,14,285,61788.25676158081,500,0.994,405.79558324621956,-135750.80218723507,48870.45913612061,111788.25676158076,0,-1,0,0,0,29,0.058
Fixed,14,286,130778.85469190397,500,0.988,388.70688926160096,-60236.334128025366,50000.0,180778.85469190395,0,-1,0,0,0,19,0.038
Fixed,14,287,121608.85112670215,500,0.978,391.6286369335432,-63856.649452186946,50000.0,171608.8511267022,0,-1,0,0,0,18,0.036
Fixed,14,288,122938.44786588725,500,0.992,385.9701663938261,-66595.76616620486,50000.0,172938.44786588714,0,-1,0,0,0,21,0.042
Fixed,14,289,139302.92302957136,500,0.984,387.928460068819,-50241.67631728412,50000.0,189302.92302957154,0,-1,0,0,0,34,0.068
Fixed,14,290,128198.39377972322,500,0.99,400.37657344317194,-68677.74535220033,50000.0,178198.39377972315,0,-1,0,0,0,22,0.044
Fixed,14,291,126623.17484965223,500,0.97,396.0272234248132,-63945.32957914475,50000.0,176623.17484965242,0,-1,0,0,0,17,0.034
Fixed,14,292,110165.50251029275,500,0.972,396.15967942461555,-80370.43095572825,50000.0,160165.50251029278,0,-1,0,0,0,27,0.054
Fixed,14,293,129066.2464739515,500,0.964,392.2332017896581,-58872.198408634285,50000.0,179066.24647395156,0,-1,0,0,0,34,0.068
Fixed,14,294,126780.62432252591,500,0.988,395.01944007275074,-66059.5141674595,50000.0,176780.62432252578,0,-1,0,0,0,27,0.054
Fixed,14,295,108388.22507153329,500,0.988,408.3708592831847,-93088.3331325792,50000.0,158388.22507153332,0,-1,0,0,0,26,0.052
Fixed,14,296,98599.03019162844,500,0.96,395.28500730594,-89723.81400270821,48344.02960093714,148599.03019162847,0,-1,0,0,0,27,0.054
Fixed,14,297,106434.30844136233,500,0.944,402.3932282621578,-82536.42399336104,50000.0,156434.30844136231,0,-1,0,0,0,25,0.05
Fixed,14,298,126675.96962230976,500,0.988,392.92632326519924,-61417.962598015394,50000.0,176675.96962230987,0,-1,0,0,0,35,0.07
Fixed,14,299,118712.99120506307,500,0.988,390.3668095505672,-72703.2767449797,50000.0,168712.99120506304,0,-1,0,0,0,28,0.056
Fixed,14,300,138915.34463207299,500,0.98,392.83755693046413,-51749.97285126677,50000.0,188915.34463207307,0,-1,0,0,0,26,0.052
Fixed,14,301,136659.71847934197,500,0.984,401.16748887542786,-52619.242088316496,50000.0,186659.7184793421,0,-1,0,0,0,26,0.052
Fixed,14,302,-491220.93967130216,97,0.979381443298969,387.6926365149649,-228051.74014022376,-141220.9396713021,-141220.9396713021,1,96,0,0,0,6,0.061855670103092786
Fixed,14,303,127922.91866258177,500,0.966,410.85383967089604,-67316.93856032762,50000.0,177922.9186625818,0,-1,0,0,0,29,0.058
Fixed,14,304,132034.4537713131,500,0.976,385.57705443608955,-55343.810158027794,50000.0,182034.45377131322,0,-1,0,0,0,29,0.058
Fixed,14,305,-579097.4281021486,143,0.986013986013986,403.2567457307315,-335956.62925018184,-229097.4281021487,-229097.4281021487,1,142,0,0,0,6,0.04195804195804196
Fixed,14,306,104964.36682405251,500,0.99,394.80808838642,-87066.10179940156,50000.0,154964.36682405253,0,-1,0,0,0,21,0.042
Fixed,14,307,97273.96843435682,500,0.894,389.1078371158916,-67768.060573057,50000.0,147273.96843435674,0,-1,0,0,0,16,0.032
Fixed,14,308,139371.78569429094,500,0.93,404.14710592146844,-48049.01822095161,50000.0,189371.78569429106,0,-1,0,0,0,32,0.064
Fixed,14,309,110241.641995099,500,0.92,384.8087013908054,-64989.86208830312,50000.0,160241.641995099,0,-1,0,0,0,30,0.06
Fixed,14,310,123814.75812843411,500,0.864,401.9963039777897,-48760.31444710845,50000.0,173814.7581284341,0,-1,0,0,0,29,0.058
Fixed,14,311,121390.44594745198,500,0.954,399.6176186627562,-61569.28135981771,50000.0,171390.445947452,0,-1,0,0,0,26,0.052
Fixed,14,312,129478.24803242194,500,0.952,409.69580878930935,-63710.91960724746,50000.0,179478.24803242178,0,-1,0,0,0,30,0.06
Fixed,14,313,106720.3449517298,500,0.904,384.0902709095879,-65748.05845440933,50000.0,156720.3449517297,0,-1,0,0,0,23,0.046
Fixed,14,314,131692.77797415658,500,0.98,384.2432706502019,-55440.26652327596,50000.0,181692.77797415672,0,-1,0,0,0,36,0.072
Fixed,14,315,130418.68820487053,500,0.98,398.5469468817419,-63654.83853631425,50000.0,180418.68820487068,0,-1,0,0,0,27,0.054
Fixed,14,316,101305.02221539212,500,0.89,387.2089962884281,-67038.87851868535,50000.0,151305.0222153921,0,-1,0,0,0,28,0.056
Fixed,14,317,136246.96674513767,500,0.968,397.96860243269236,-55768.50071060858,50000.0,186246.96674513767,0,-1,0,0,0,24,0.048
Fixed,14,318,103370.17321507272,500,0.98,391.851436457342,-86913.03117780288,50000.0,153370.17321507283,0,-1,0,0,0,19,0.038
Fixed,14,319,121728.07992244301,500,0.944,403.5449230580007,-67034.23341642084,50000.0,171728.07992244308,0,-1,0,0,0,32,0.064
Fixed,14,320,122270.39939255813,500,0.994,378.23742940392293,-63013.38348178345,50000.0,172270.39939255812,0,-1,0,0,0,20,0.04
Fixed,14,321,124485.1719336387,500,0.968,384.2685994303916,-55298.55536315875,50000.0,174485.17193363886,0,-1,0,0,0,24,0.048
Fixed,14,322,41090.29227727324,500,0.976,395.9655803813309,-151480.72341572886,50000.0,91090.29227727317,0,-1,0,0,0,35,0.07
Fixed,14,323,136985.7886204481,500,0.956,384.3313860055293,-44669.85289143798,50000.0,186985.78862044794,0,-1,0,0,0,20,0.04
Fixed,14,324,108925.93268689403,500,0.966,379.99337953168657,-73598.4397653419,50000.0,158925.93268689403,0,-1,0,0,0,20,0.04
Fixed,14,325,134234.2894666641,500,0.912,399.22018323760284,-46582.5385415781,50000.0,184234.28946666402,0,-1,0,0,0,23,0.046
Fixed,14,326,131257.01574868575,500,0.96,390.0691732277473,-55250.30526026644,50000.0,181257.0157486859,0,-1,0,0,0,25,0.05
Fixed,14,327,92989.13684130037,500,0.976,381.31721649111296,-91149.69671922822,43026.53576133252,142989.1368413004,0,-1,0,0,0,19,0.038
Fixed,14,328,113210.23097854147,500,0.988,371.7562778073284,-67912.58932356362,50000.0,163210.23097854148,0,-1,0,0,0,18,0.036
Fixed,14,329,111211.0477505828,500,0.984,385.988622380466,-75156.2504333214,50000.0,161211.0477505828,0,-1,0,0,0,25,0.05
Fixed,14,330,110965.5445263201,500,0.808,384.1673316660494,-42180.60303374388,50000.0,160965.54452632004,0,-1,0,0,0,23,0.046
Fixed,14,331,117634.28548983506,500,0.912,392.2824633435199,-58812.45944596545,50000.0,167634.285489835,0,-1,0,0,0,30,0.06
Fixed,14,332,-542115.5866840556,354,0.9943502824858758,385.6863700828769,-377877.1889532283,-192115.58668405554,-192115.58668405554,1,353,0,0,0,14,0.03954802259887006
Fixed,14,333,106223.44197604911,500,0.95,374.2130554761385,-71121.15775877978,50000.0,156223.44197604904,0,-1,0,0,0,30,0.06
Fixed,14,334,-424941.7324296157,295,0.976271186440678,388.083340542184,-236709.73450576473,-74941.73242961569,-74941.73242961569,1,294,0,0,0,9,0.030508474576271188
Fixed,14,335,126923.60772317217,500,0.998,385.57996576439166,-63924.73491139583,50000.0,176923.6077231722,0,-1,0,0,0,22,0.044
Fixed,14,336,51329.309322656656,500,0.942,408.2709224715101,-140627.58774735924,50000.0,101329.30932265671,0,-1,0,0,0,22,0.044
Fixed,14,337,135072.17332791435,500,0.984,399.09512977193043,-57072.59476973462,50000.0,185072.17332791438,0,-1,0,0,0,26,0.052
Fixed,14,338,129242.92762168492,500,0.956,387.94310194877403,-54752.64057928738,50000.0,179242.92762168494,0,-1,0,0,0,25,0.05
Fixed,14,339,142283.6809156527,500,0.87,406.8956433405821,-33394.620248730695,50000.0,192283.6809156528,0,-1,0,0,0,28,0.056
Fixed,14,340,132948.86700382436,500,0.978,391.98773710079234,-57251.936094320154,50000.0,182948.86700382453,0,-1,0,0,0,36,0.072
Fixed,14,341,120522.7051928309,500,0.946,392.13869575516617,-64811.755604949816,50000.0,170522.7051928309,0,-1,0,0,0,24,0.048
Fixed,14,342,134576.41713723377,500,0.946,380.14376772180924,-44129.12824781344,50000.0,184576.41713723377,0,-1,0,0,0,32,0.064
Fixed,14,343,104456.40034811111,500,0.928,399.8474207571868,-80482.17480971734,50000.0,154456.40034811114,0,-1,0,0,0,30,0.06
Fixed,14,344,124156.24931247754,500,0.988,391.6145818822297,-67181.91102785422,50000.0,174156.2493124776,0,-1,0,0,0,21,0.042
Fixed,14,345,96342.68041704794,500,0.982,385.0875804739911,-86872.0165770197,50000.0,146342.680417048,0,-1,0,0,0,21,0.042
Fixed,14,346,119770.01524978284,500,0.83,394.40097168727095,-42151.723493365396,50000.0,169770.01524978277,0,-1,0,0,0,24,0.048
Fixed,14,347,124424.99868024637,500,0.99,382.7668726583924,-62732.26858822093,50000.0,174424.99868024653,0,-1,0,0,0,25,0.05
Fixed,14,348,106560.48442603617,500,0.828,384.14106902062605,-50786.398070938274,50000.0,156560.48442603616,0,-1,0,0,0,32,0.064
Fixed,14,349,124936.56878578277,500,0.98,379.73633047901853,-58171.21508200066,50000.0,174936.5687857827,0,-1,0,0,0,20,0.04
Fixed,14,350,121784.55679496292,500,0.884,396.9330407580639,-52023.788380590755,50000.0,171784.55679496296,0,-1,0,0,0,31,0.062
Fixed,14,351,127819.60855687487,500,0.96,387.78167166312534,-57929.1747874665,50000.0,177819.6085568747,0,-1,0,0,0,28,0.056
Fixed,14,352,124560.26870839663,500,0.988,383.2963603199252,-59685.06349798779,50000.0,174560.26870839664,0,-1,0,0,0,25,0.05
Fixed,14,353,129319.39237103668,500,0.946,383.69979410695726,-50893.08389271432,50000.0,179319.39237103667,0,-1,0,0,0,22,0.044
Fixed,14,354,87186.39868457167,500,0.988,383.622678187212,-100714.26360061312,50000.0,137186.39868457153,0,-1,0,0,0,31,0.062
Fixed,14,355,129928.3564802324,500,0.94,391.5531968979125,-53105.666818357364,50000.0,179928.3564802323,0,-1,0,0,0,14,0.028
Fixed,14,356,112568.08320673565,500,0.86,397.7869839745899,-57345.23394705631,50000.0,162568.08320673564,0,-1,0,0,0,31,0.062
Fixed,14,357,96461.84775487728,500,0.842,399.16770474984355,-71285.20468702496,50000.0,146461.84775487744,0,-1,0,0,0,19,0.038
Fixed,14,358,99348.5824839754,500,0.92,382.9365268842034,-76670.04008135827,50000.0,149348.5824839754,0,-1,0,0,0,23,0.046
Fixed,14,359,119759.34114152988,500,0.932,396.9854151660281,-60338.72305048049,50000.0,169759.3411415299,0,-1,0,0,0,20,0.04
Fixed,14,360,110899.24275832369,500,0.996,391.7116524885936,-80952.87274603602,50000.0,160899.24275832367,0,-1,0,0,0,20,0.04
Fixed,14,361,69011.46411438641,500,0.962,389.3904416764353,-117687.99288183133,50000.0,119011.46411438638,0,-1,0,0,0,28,0.056
Fixed,14,362,105862.21565607004,500,0.672,389.9619115818115,-24433.25534185889,50000.0,155862.2156560701,0,-1,0,0,0,25,0.05
Fixed,14,363,126010.04990540564,500,0.99,387.24445056240967,-64987.38495331834,50000.0,176010.04990540555,0,-1,0,0,0,22,0.044
Fixed,14,364,123861.51138203432,500,0.974,393.5778300238341,-64769.66351083325,50000.0,173861.51138203446,0,-1,0,0,0,24,0.048
Fixed,14,365,114830.47265551593,500,0.944,386.9661087484683,-67000.43865627759,50000.0,164830.47265551597,0,-1,0,0,0,32,0.064
Fixed,14,366,51714.770660959664,500,0.83,364.18120634699443,-97872.17700345974,50000.0,101714.77066095962,0,-1,0,0,0,22,0.044
Fixed,14,367,128138.01411011213,500,0.958,384.88601840960956,-55396.340060349,50000.0,178138.0141101124,0,-1,0,0,0,21,0.042
Fixed,14,368,93754.86826259636,500,0.894,376.5968717419328,-74029.66275016332,50000.0,143754.86826259637,0,-1,0,0,0,22,0.044
Fixed,14,369,129477.74171704345,500,0.966,384.9515591092238,-55825.10310871584,50000.0,179477.7417170435,0,-1,0,0,0,15,0.03
Fixed,14,370,125063.32288725798,500,0.942,409.5711346765992,-66451.37744367785,50000.0,175063.32288725782,0,-1,0,0,0,23,0.046
Fixed,14,371,127968.7908876126,500,0.974,385.48008766605136,-57052.802213292,50000.0,177968.79088761265,0,-1,0,0,0,21,0.042
Fixed,14,372,80688.12670240493,500,0.974,386.38439993006494,-76807.8503129556,50000.0,130688.12670240499,0,-1,0,0,0,31,0.062
Fixed,14,373,130881.21997369261,500,0.988,399.75466441432474,-47129.65293322794,50000.0,180881.21997369264,0,-1,0,0,0,23,0.046
Fixed,14,374,75897.7631677348,500,0.94,392.2178775198916,-106868.72259105668,50000.0,125897.76316773477,0,-1,0,0,0,20,0.04
Fixed,14,375,91237.36572607308,500,0.942,377.9779240118217,-85004.51705666499,50000.0,141237.36572607313,0,-1,0,0,0,30,0.06
Fixed,14,376,124639.43644154228,500,0.988,380.9886683076017,-60464.69002485542,50000.0,174639.4364415422,0,-1,0,0,0,28,0.056
Fixed,14,377,117613.41671062527,500,0.89,395.09483768698874,-55892.85530572523,50000.0,167613.41671062508,0,-1,0,0,0,28,0.056
Fixed,14,378,116597.1740606894,500,0.934,392.11992251132745,-44956.83585071908,50000.0,166597.1740606894,0,-1,0,0,0,24,0.048
Fixed,14,379,116071.66736297609,500,0.948,385.39072255645624,-64554.59066255028,50000.0,166071.66736297612,0,-1,0,0,0,20,0.04
Fixed,14,380,123527.49184584455,500,0.972,376.9868349724836,-55965.04954414185,50000.0,173527.4918458446,0,-1,0,0,0,17,0.034
Fixed,14,381,128174.55478098911,500,0.994,397.75936285782626,-66385.20619757634,50000.0,178174.5547809893,0,-1,0,0,0,29,0.058
Fixed,14,382,115710.7911633918,500,0.934,391.0963660215668,-65736.8389132151,50000.0,165710.79116339175,0,-1,0,0,0,28,0.056
Fixed,14,383,128352.50432148008,500,0.96,392.403340001901,-55354.29047439093,50000.0,178352.50432148,0,-1,0,0,0,20,0.04
Fixed,14,384,83117.06996916246,500,0.81,387.90914254365146,-73247.06595792374,50000.0,133117.0699691624,0,-1,0,0,0,26,0.052
Fixed,14,385,121369.72851794612,500,0.874,382.0000048982197,-42844.865020007084,50000.0,171369.7285179461,0,-1,0,0,0,25,0.05
Fixed,14,386,102434.15438141637,500,0.892,378.8412603861548,-65412.084650232275,50000.0,152434.15438141636,0,-1,0,0,0,24,0.048
Fixed,14,387,131623.92689554507,500,0.938,393.31855739967654,-49482.611964147174,50000.0,181623.92689554518,0,-1,0,0,0,28,0.056
Fixed,14,388,134853.95218614925,500,0.956,386.1104669411312,-48378.98094153899,50000.0,184853.95218614928,0,-1,0,0,0,20,0.04
Fixed,14,389,129709.18574615745,500,0.992,374.6096795739666,-54407.89050268751,50000.0,179709.18574615743,0,-1,0,0,0,24,0.048
Fixed,14,390,82845.9050500494,500,0.964,386.1336146103396,-102476.61985217153,50000.0,132845.9050500495,0,-1,0,0,0,18,0.036
Fixed,14,391,107033.92710789721,500,0.956,384.9715526662611,-76208.8140053484,50000.0,157033.927107897,0,-1,0,0,0,32,0.064
Fixed,14,392,116421.08932371766,500,0.89,377.5469691169396,-48886.8414201486,50000.0,166421.08932371766,0,-1,0,0,0,33,0.066
Fixed,14,393,121836.61788634447,500,0.988,373.97085331905225,-55426.851527784915,50000.0,171836.61788634455,0,-1,0,0,0,27,0.054
Fixed,14,394,126234.3528479801,500,0.954,387.7668823606063,-54154.834244969476,50000.0,176234.3528479801,0,-1,0,0,0,23,0.046
Fixed,14,395,137046.94371093315,500,0.98,387.1134755776853,-50714.065485265244,50000.0,187046.9437109331,0,-1,0,0,0,26,0.052
Fixed,14,396,123708.01602303333,500,0.942,380.84161847209725,-55015.0776203134,50000.0,173708.01602303333,0,-1,0,0,0,20,0.04
Fixed,14,397,95161.86652770724,500,0.948,374.97299852351097,-76239.28836124096,50000.0,145161.8665277073,0,-1,0,0,0,27,0.054
Fixed,14,398,111918.76720312335,500,0.958,381.51733177141256,-69698.86301779124,50000.0,161918.76720312343,0,-1,0,0,0,22,0.044
Fixed,14,399,126315.92022519755,500,0.976,397.2827941208589,-66180.04303941439,50000.0,176315.9202251975,0,-1,0,0,0,24,0.048
Fixed,14,400,128141.73104812115,500,0.92,390.039136197256,-49161.24122443204,50000.0,178141.73104812118,0,-1,0,0,0,22,0.044
Fixed,14,401,135866.50876468702,500,0.984,381.85447583450537,-51377.0256296014,50000.0,185866.5087646871,0,-1,0,0,0,19,0.038
Fixed,14,402,95971.48922041735,500,0.944,370.0542412673013,-77080.9540919807,44662.20045674314,145971.48922041734,0,-1,0,0,0,27,0.054
Fixed,14,403,143731.93412479537,500,0.95,394.61305965323197,-42106.72694142534,50000.0,193731.93412479537,0,-1,0,0,0,18,0.036
Fixed,14,404,118385.79694235585,500,0.918,401.0170017223732,-65497.842801321276,50000.0,168385.79694235584,0,-1,0,0,0,30,0.06
Fixed,14,405,86485.32584293924,500,0.972,392.0814879411532,-102046.71748129747,50000.0,136485.32584293923,0,-1,0,0,0,30,0.06
Fixed,14,406,117407.14357714848,500,0.994,395.02455462296484,-76965.09134688576,50000.0,167407.14357714853,0,-1,0,0,0,23,0.046
Fixed,14,407,108487.92636269318,500,0.898,393.5697174008546,-67322.06821511917,50000.0,158487.9263626932,0,-1,0,0,0,32,0.064
Fixed,14,408,54560.08893516721,500,0.99,379.2274776169748,-98336.87781175761,50000.0,104560.08893516712,0,-1,0,0,0,22,0.044
Fixed,14,409,135044.1853495381,500,0.88,392.17000780864197,-36287.01294843358,50000.0,185044.1853495381,0,-1,0,0,0,22,0.044
Fixed,14,410,113606.08277481663,500,0.906,387.5664508042746,-57254.08602565715,50000.0,163606.08277481655,0,-1,0,0,0,24,0.048
Fixed,14,411,99221.24141242975,500,0.904,380.52478417991534,-69598.25009915794,50000.0,149221.24141242972,0,-1,0,0,0,22,0.044
Fixed,14,412,93877.84629724303,500,0.936,386.9589804400746,-84365.17692007837,50000.0,143877.84629724297,0,-1,0,0,0,22,0.044
Fixed,14,413,99716.66336810736,500,0.89,392.0548378494348,-73723.99837995472,49035.781767164626,149716.66336810737,0,-1,0,0,0,27,0.054
Fixed,14,414,76991.30566348179,500,0.972,377.57284353103165,-103133.7540238698,29776.398501235257,126991.30566348182,0,-1,0,0,0,28,0.056
Fixed,14,415,118924.94327764606,500,0.872,393.1073475048083,-50260.75335830714,50000.0,168924.94327764618,0,-1,0,0,0,24,0.048
Fixed,14,416,122606.9576846455,500,0.882,391.0793711939096,-48605.30659837708,50000.0,172606.9576846455,0,-1,0,0,0,18,0.036
Fixed,14,417,117044.7488382027,500,0.916,388.891708547892,-59871.06496498087,50000.0,167044.74883820262,0,-1,0,0,0,31,0.062
Fixed,14,418,86184.14579136536,500,0.936,383.73419269639203,-92367.62470364201,38432.68435559289,136184.14579136533,0,-1,0,0,0,33,0.066
Fixed,14,419,117609.18915680652,500,0.924,380.5350692674711,-57629.80076134763,50000.0,167609.18915680665,0,-1,0,0,0,34,0.068
Fixed,14,420,85420.87720242668,500,0.884,375.93484487145196,-79783.85606125894,50000.0,135420.8772024266,0,-1,0,0,0,31,0.062
Fixed,14,421,105667.96923668879,500,0.968,370.86529138167043,-72340.647261337,50000.0,155667.96923668883,0,-1,0,0,0,27,0.054
Fixed,14,422,75384.10655838398,500,0.778,387.90231978923924,-72498.26338539974,50000.0,125384.10655838401,0,-1,0,0,0,27,0.054
Fixed,14,423,117656.91766176284,500,0.974,373.15154147099173,-63022.819502624596,50000.0,167656.91766176283,0,-1,0,0,0,32,0.064
Fixed,14,424,122900.73605837175,500,0.966,378.37433001615,-56797.8726300854,50000.0,172900.73605837178,0,-1,0,0,0,18,0.036
Fixed,14,425,84081.97090033774,500,0.988,396.61296257316343,-111180.50721995007,50000.0,134081.97090033768,0,-1,0,0,0,29,0.058
Fixed,14,426,120452.53087090874,500,0.974,398.07392854024744,-72906.67728327458,50000.0,170452.53087090878,0,-1,0,0,0,24,0.048
Fixed,14,427,109285.86436864118,500,0.878,383.0113958291421,-58121.761186073985,50000.0,159285.86436864114,0,-1,0,0,0,27,0.054
Fixed,14,428,108983.50832572907,500,0.994,369.7424569379396,-73784.81468003246,50000.0,158983.50832572917,0,-1,0,0,0,24,0.048
Fixed,14,429,122433.68337762693,500,0.952,396.3815184741461,-65245.49096756187,50000.0,172433.68337762705,0,-1,0,0,0,28,0.056
Fixed,14,430,78565.55081151315,500,0.952,377.06975072271683,-93823.67151570461,50000.0,128565.55081151321,0,-1,0,0,0,22,0.044
Fixed,14,431,89425.19179518607,500,0.92,390.74783297621684,-87503.90692329405,50000.0,139425.19179518605,0,-1,0,0,0,28,0.056
Fixed,14,432,125700.83326396337,500,0.936,388.88718502338116,-53019.115371407795,50000.0,175700.8332639634,0,-1,0,0,0,25,0.05
Fixed,14,433,74872.0484290657,500,0.87,394.09288093084575,-94916.28645800712,50000.0,124872.04842906572,0,-1,0,0,0,16,0.032
Fixed,14,434,114431.78053218497,500,0.838,373.82434783630555,-41892.16575642053,50000.0,164431.78053218513,0,-1,0,0,0,24,0.048
Fixed,14,435,93076.83335181278,500,0.792,385.44444906591167,-57839.7265138866,50000.0,143076.8333518126,0,-1,0,0,0,35,0.07
Fixed,14,436,103127.22763700412,500,0.908,365.34713806769923,-60991.059056747035,50000.0,153127.2276370041,0,-1,0,0,0,23,0.046
Fixed,14,437,111394.36358637085,500,0.9,384.33778355704413,-60195.59818030343,50000.0,161394.36358637098,0,-1,0,0,0,21,0.042
Fixed,14,438,88856.70764075938,500,0.866,388.87483237246715,-77638.92160685132,50000.0,138856.70764075938,0,-1,0,0,0,19,0.038
Fixed,14,439,132567.1762734142,500,0.92,391.7295710864274,-45283.82852002743,50000.0,182567.17627341414,0,-1,0,0,0,24,0.048
Fixed,14,440,125162.41740999233,500,0.978,384.7746456503137,-62653.26842861226,50000.0,175162.41740999254,0,-1,0,0,0,25,0.05
Fixed,14,441,130389.59564581195,500,0.954,404.8947671464404,-62573.42947551637,50000.0,180389.59564581208,0,-1,0,0,0,17,0.034
Fixed,14,442,-387292.71917886764,50,1.0,391.78400328636167,-106881.91934318568,-37292.719178867614,-37292.719178867614,1,49,0,0,0,3,0.06
Fixed,14,443,121840.33613013261,500,0.902,380.67140296398935,-47559.450594736285,50000.0,171840.3361301326,0,-1,0,0,0,26,0.052
Fixed,14,444,108479.17497949654,500,0.892,388.9928301856122,-62467.075425023395,48450.901632806024,158479.17497949646,0,-1,0,0,0,25,0.05
Fixed,14,445,107460.41417151525,500,0.946,381.934888313487,-71431.83338947632,50000.0,157460.41417151518,0,-1,0,0,0,24,0.048
Fixed,14,446,132097.2425475848,500,0.88,402.98637264533477,-44856.85228190811,50000.0,182097.24254758467,0,-1,0,0,0,27,0.054
Fixed,14,447,108250.6403928947,500,0.952,396.9327811233136,-79498.39964106806,50000.0,158250.64039289468,0,-1,0,0,0,25,0.05
Fixed,14,448,109474.99209846785,500,0.892,369.9443974516317,-53835.24091603196,50000.0,159474.99209846783,0,-1,0,0,0,22,0.044
Fixed,14,449,113843.13370226265,500,0.98,377.8130631943138,-64598.754888584146,49868.558070935724,163843.13370226265,0,-1,0,0,0,26,0.052
Fixed,14,450,129974.08544700357,500,0.9,400.1715632067786,-49429.656295406814,50000.0,179974.08544700354,0,-1,0,0,0,23,0.046
Fixed,14,451,135800.70563304148,500,0.94,387.1617065236924,-44025.7658575622,50000.0,185800.70563304133,0,-1,0,0,0,33,0.066
Fixed,14,452,83359.53135411318,500,0.912,368.3166672922017,-83099.28020186041,50000.0,133359.5313541131,0,-1,0,0,0,24,0.048
Fixed,14,453,93401.05617568758,500,0.906,390.0220805814461,-80636.91149793887,50000.0,143401.05617568758,0,-1,0,0,0,35,0.07
Fixed,14,454,107415.46650109283,500,0.894,386.72841634152985,-63018.78806322122,50000.0,157415.4665010928,0,-1,0,0,0,26,0.052
Fixed,14,455,104489.10545130302,500,0.996,366.664257040943,-75556.20315353986,50000.0,154489.1054513029,0,-1,0,0,0,19,0.038
Fixed,14,456,125641.13447478172,500,0.942,377.96008873795756,-50431.45061691321,50000.0,175641.13447478152,0,-1,0,0,0,26,0.052
Fixed,14,457,128199.3357930814,500,0.944,387.1016995765395,-52935.9405200234,50000.0,178199.33579308132,0,-1,0,0,0,26,0.052
Fixed,14,458,136880.0088663173,500,0.97,375.2272190575747,-44418.23589641582,50000.0,186880.00886631734,0,-1,0,0,0,28,0.056
Fixed,14,459,109230.97607799484,500,0.992,363.57258092587995,-69560.35618984148,50000.0,159230.9760779949,0,-1,0,0,0,25,0.05
Fixed,14,460,85068.1905851778,500,0.87,374.9360961640018,-76979.02102661849,50000.0,135068.19058517783,0,-1,0,0,0,30,0.06
Fixed,14,461,101634.50106955851,500,0.734,384.48066071008793,-36629.006355663296,50000.0,151634.50106955838,0,-1,0,0,0,27,0.054
Fixed,14,462,76128.24911863182,500,0.586,374.627990200251,-32651.77041663744,50000.0,126128.24911863187,0,-1,0,0,0,28,0.056
Fixed,14,463,107724.47257747712,500,0.822,373.7070601177912,-45697.37225532403,50000.0,157724.4725774771,0,-1,0,0,0,22,0.044
Fixed,14,464,97732.15629249695,500,0.844,388.9971624595859,-64386.87944558253,50000.0,147732.156292497,0,-1,0,0,0,25,0.05
Fixed,14,465,90202.93392426294,500,0.884,366.1267000194049,-69881.77046288573,50000.0,140202.93392426288,0,-1,0,0,0,31,0.062
Fixed,14,466,112456.45445682747,500,0.88,371.5745483160019,-49878.73178431698,50000.0,162456.45445682752,0,-1,0,0,0,27,0.054
Fixed,14,467,111839.69502766861,500,0.996,362.87550237954383,-67062.12941847814,50000.0,161839.6950276686,0,-1,0,0,0,27,0.054
Fixed,14,468,133454.01530480577,500,0.966,386.8761963409913,-52024.003264025545,50000.0,183454.0153048057,0,-1,0,0,0,17,0.034
Fixed,14,469,72682.727963768,500,0.868,380.57696244683683,-88789.70485117016,50000.0,122682.7279637681,0,-1,0,0,0,32,0.064
Fixed,14,470,120452.3470583757,500,0.97,363.407011394894,-54341.3867858404,50000.0,170452.3470583757,0,-1,0,0,0,28,0.056
Fixed,14,471,106506.00792008778,500,0.866,381.03095123123626,-54446.726116907535,50000.0,156506.00792008775,0,-1,0,0,0,21,0.042
Fixed,14,472,108137.88220567044,500,0.934,377.886084752624,-65701.22580227605,50000.0,158137.88220567047,0,-1,0,0,0,28,0.056
Fixed,14,473,133810.0470181878,500,0.98,376.6457165105002,-50178.834606560944,50000.0,183810.0470181878,0,-1,0,0,0,41,0.082
Fixed,14,474,88165.34552556719,500,0.868,381.012908727892,-76429.25001054806,41884.444331662766,138165.3455255672,0,-1,0,0,0,23,0.046
Fixed,14,475,101873.73793179783,500,0.964,385.63403001464746,-82922.76920763159,50000.0,151873.7379317979,0,-1,0,0,0,27,0.054
Fixed,14,476,56680.08497621912,500,0.888,371.0126144241642,-106017.26164370638,24609.314423768665,106680.0849762191,0,-1,0,0,0,31,0.062
Fixed,14,477,105098.09334433523,500,0.868,381.3603734201001,-58635.935460993256,50000.0,155098.09334433527,0,-1,0,0,0,22,0.044
Fixed,14,478,112941.01973516968,500,0.952,365.01428779333577,-56876.553115969815,50000.0,162941.01973516963,0,-1,0,0,0,25,0.05
Fixed,14,479,85204.98273117395,500,0.992,367.8282258750931,-96122.10965480476,50000.0,135204.982731174,0,-1,0,0,0,22,0.044
Fixed,14,480,58193.046598344954,500,0.81,386.4622263790649,-93582.1282560533,50000.0,108193.0465983449,0,-1,0,0,0,26,0.052
Fixed,14,481,107419.28202111935,500,0.854,397.40141227820436,-54847.576152812624,50000.0,157419.28202111917,0,-1,0,0,0,35,0.07
Fixed,14,482,112631.84299529581,500,0.878,387.4806437459785,-57211.643958515175,49306.044485647595,162631.84299529577,0,-1,0,0,0,29,0.058
Fixed,14,483,129052.64869007166,500,0.944,372.50169736045905,-45302.07138396092,50000.0,179052.64869007177,0,-1,0,0,0,16,0.032
Fixed,14,484,83569.42863778968,500,0.992,370.39354834248945,-99242.92417975668,50000.0,133569.4286377898,0,-1,0,0,0,22,0.044
Fixed,14,485,92155.47538438819,500,0.894,396.9109700862193,-84374.46161901782,50000.0,142155.47538438818,0,-1,0,0,0,25,0.05
Fixed,14,486,101564.74307072865,500,0.962,371.8810825456948,-75381.91687265741,50000.0,151564.7430707287,0,-1,0,0,0,28,0.056
Fixed,14,487,110253.96082000309,500,0.928,384.313796877861,-66597.52158268556,50000.0,160253.96082000303,0,-1,0,0,0,19,0.038
Fixed,14,488,89225.05737169628,500,0.756,389.24656725182103,-54448.58726156255,50000.0,139225.0573716963,0,-1,0,0,0,18,0.036
Fixed,14,489,127393.19565966274,500,0.944,387.6889880946127,-53264.89678909594,50000.0,177393.19565966274,0,-1,0,0,0,31,0.062
Fixed,14,490,127563.1687373323,500,0.99,372.6400017439717,-54604.61375084267,50000.0,177563.1687373322,0,-1,0,0,0,18,0.036
Fixed,14,491,117240.42669471371,500,0.98,374.4040831380961,-63967.667876162006,50000.0,167240.42669471374,0,-1,0,0,0,19,0.038
Fixed,14,492,112868.00531118488,500,0.922,384.8572718502384,-55217.00549196914,50000.0,162868.00531118488,0,-1,0,0,0,24,0.048
Fixed,14,493,96214.91358033911,500,0.884,373.4986451632297,-68004.93668509474,50000.0,146214.91358033917,0,-1,0,0,0,24,0.048
Fixed,14,494,124315.12524306413,500,0.972,379.9456827983935,-56552.76684770843,50000.0,174315.12524306413,0,-1,0,0,0,27,0.054
Fixed,14,495,83395.95859770983,500,0.96,382.4050038258235,-99048.33643182705,50000.0,133395.9585977099,0,-1,0,0,0,18,0.036
Fixed,14,496,77833.38843901813,500,0.826,374.8377747431794,-74989.2764732355,50000.0,127833.38843901812,0,-1,0,0,0,26,0.052
Fixed,14,497,102578.7928804747,500,0.994,367.8808856557313,-75459.1596468584,50000.0,152578.7928804747,0,-1,0,0,0,25,0.05
Fixed,14,498,128336.52971407984,500,0.978,372.2527629417388,-50266.06058824369,50000.0,178336.52971407992,0,-1,0,0,0,21,0.042
Fixed,14,499,105526.38289101844,500,0.96,366.3425013969342,-68631.38605357942,50000.0,155526.3828910185,0,-1,0,0,0,21,0.042
Fixed,14,500,95410.8942395786,500,0.778,387.071470112298,-54338.82455775892,50000.0,145410.8942395786,0,-1,0,0,0,38,0.076
